[
  {
    "id" : "eba0f0d5-01d0-471e-806b-cf66bfcd34cf",
    "data" : [
      {
        "text" : "are you still able to deliver goods?",
        "userDefined" : false
      }
    ],
    "isTemplate" : false,
    "count" : 0,
    "updated" : 0
  },
  {
    "id" : "709930fc-e213-4fc7-bfe9-31fbab4eafdb",
    "data" : [
      {
        "text" : "are you still able to deliver products by post during the pandemic?",
        "userDefined" : false
      }
    ],
    "isTemplate" : false,
    "count" : 0,
    "updated" : 0
  },
  {
    "id" : "1872c612-4d54-466f-b428-38ccdb04da55",
    "data" : [
      {
        "text" : "are you still doing deliveries during the outbreak?",
        "userDefined" : false
      }
    ],
    "isTemplate" : false,
    "count" : 0,
    "updated" : 0
  },
  {
    "id" : "553905d0-8a15-44aa-a63c-7e75058a1fd5",
    "data" : [
      {
        "text" : "can i order online during the covid-19 outbreak?",
        "userDefined" : false
      }
    ],
    "isTemplate" : false,
    "count" : 0,
    "updated" : 0
  },
  {
    "id" : "e0b47c6f-22b7-4440-b1b8-6f5832fa007a",
    "data" : [
      {
        "text" : "can i order online during the outbreak?",
        "userDefined" : false
      }
    ],
    "isTemplate" : false,
    "count" : 0,
    "updated" : 0
  },
  {
    "id" : "ae647dee-8b78-4d0b-99ad-d58d18a7a078",
    "data" : [
      {
        "text" : "can i order your items online?",
        "userDefined" : false
      }
    ],
    "isTemplate" : false,
    "count" : 0,
    "updated" : 0
  },
  {
    "id" : "65a51772-c074-440e-9090-a61dc0d709e9",
    "data" : [
      {
        "text" : "can i order your products online?",
        "userDefined" : false
      }
    ],
    "isTemplate" : false,
    "count" : 0,
    "updated" : 0
  },
  {
    "id" : "2050d6e8-65b4-4930-bec8-91753467f4dd",
    "data" : [
      {
        "text" : "can i receive deliveries without contact?",
        "userDefined" : false
      }
    ],
    "isTemplate" : false,
    "count" : 0,
    "updated" : 0
  },
  {
    "id" : "f29591bc-2cbf-48a0-a287-5bc23fb5c3ef",
    "data" : [
      {
        "text" : "can you deliver with zero contact?",
        "userDefined" : false
      }
    ],
    "isTemplate" : false,
    "count" : 0,
    "updated" : 0
  },
  {
    "id" : "4c2d0a75-189b-402f-b41d-53fc0c12c490",
    "data" : [
      {
        "text" : "can you do contact-free deliveries?",
        "userDefined" : false
      }
    ],
    "isTemplate" : false,
    "count" : 0,
    "updated" : 0
  },
  {
    "id" : "ae5f0649-2fb7-49ce-aaeb-eb9fc233caae",
    "data" : [
      {
        "text" : "can you do deliveries by zero-contact post?",
        "userDefined" : false
      }
    ],
    "isTemplate" : false,
    "count" : 0,
    "updated" : 0
  },
  {
    "id" : "f10ecfbd-6ca2-46c6-a7a3-93d3677575b2",
    "data" : [
      {
        "text" : "can you send your products in the post?",
        "userDefined" : false
      }
    ],
    "isTemplate" : false,
    "count" : 0,
    "updated" : 0
  },
  {
    "id" : "c6aff457-1105-4eae-a8c6-d5f48ce12149",
    "data" : [
      {
        "text" : "can you sent items by post?",
        "userDefined" : false
      }
    ],
    "isTemplate" : false,
    "count" : 0,
    "updated" : 0
  },
  {
    "id" : "1e7dbe27-9db8-4a1b-a4a9-e8f3ee33f777",
    "data" : [
      {
        "text" : "can you still deliver goods?",
        "userDefined" : false
      }
    ],
    "isTemplate" : false,
    "count" : 0,
    "updated" : 0
  },
  {
    "id" : "422d602c-b021-44c3-83b7-a04b7ff59a79",
    "data" : [
      {
        "text" : "do you provide deliveries to people who are isolating?",
        "userDefined" : false
      }
    ],
    "isTemplate" : false,
    "count" : 0,
    "updated" : 0
  },
  {
    "id" : "fce2d09a-fff7-468a-b118-c2ece3c83d11",
    "data" : [
      {
        "text" : "do you provide deliveries?",
        "userDefined" : false
      }
    ],
    "isTemplate" : false,
    "count" : 0,
    "updated" : 0
  },
  {
    "id" : "24d11a9f-601a-4b25-ae90-1da75ecf6377",
    "data" : [
      {
        "text" : "how does covid-19 affect home delivery services?",
        "userDefined" : false
      }
    ],
    "isTemplate" : false,
    "count" : 0,
    "updated" : 0
  },
  {
    "id" : "1cf3d88f-e4f6-4b8a-8d2a-54227e688987",
    "data" : [
      {
        "text" : "how will coronavirus affect your home delivery?",
        "userDefined" : false
      }
    ],
    "isTemplate" : false,
    "count" : 0,
    "updated" : 0
  },
  {
    "id" : "b5d9769b-4be1-46c2-9937-95cfe3869a11",
    "data" : [
      {
        "text" : "is corona virus affecting your delivery channels?",
        "userDefined" : false
      }
    ],
    "isTemplate" : false,
    "count" : 0,
    "updated" : 0
  },
  {
    "id" : "c1b4e4a3-e547-40c7-8e47-05a78a0098ec",
    "data" : [
      {
        "text" : "will covid affect your home delivery services?",
        "userDefined" : false
      }
    ],
    "isTemplate" : false,
    "count" : 0,
    "updated" : 0
  }
]