[
  {
    "id" : "15dedfa2-c92a-4a3a-a36b-9f93ca2ea38f",
    "data" : [
      {
        "text" : "any changes to your services?",
        "userDefined" : false
      }
    ],
    "isTemplate" : false,
    "count" : 0,
    "updated" : 0
  },
  {
    "id" : "b53a107a-fccb-4808-8d0e-0a669a8372ac",
    "data" : [
      {
        "text" : "are there any changes to your operations?",
        "userDefined" : false
      }
    ],
    "isTemplate" : false,
    "count" : 0,
    "updated" : 0
  },
  {
    "id" : "69a1f2f2-5e27-48b0-8074-34227297bce6",
    "data" : [
      {
        "text" : "are there any changes to your services due to coronavirus?",
        "userDefined" : false
      }
    ],
    "isTemplate" : false,
    "count" : 0,
    "updated" : 0
  },
  {
    "id" : "d5d2797a-da68-4066-84c1-c8773b154748",
    "data" : [
      {
        "text" : "are there any changes to your services?",
        "userDefined" : false
      }
    ],
    "isTemplate" : false,
    "count" : 0,
    "updated" : 0
  },
  {
    "id" : "15ce652e-d692-4818-a87c-afcdc30ab725",
    "data" : [
      {
        "text" : "are you open at different times?",
        "userDefined" : false
      }
    ],
    "isTemplate" : false,
    "count" : 0,
    "updated" : 0
  },
  {
    "id" : "4577ceaa-2294-4aa8-8f77-10f00f07b8cd",
    "data" : [
      {
        "text" : "are you open the same hours?",
        "userDefined" : false
      }
    ],
    "isTemplate" : false,
    "count" : 0,
    "updated" : 0
  },
  {
    "id" : "256e5b43-e8bb-424d-9c92-987bdc2a39b7",
    "data" : [
      {
        "text" : "are you operating as normal?",
        "userDefined" : false
      }
    ],
    "isTemplate" : false,
    "count" : 0,
    "updated" : 0
  },
  {
    "id" : "365c07fb-b0bc-4b32-9358-ca158f5241a3",
    "data" : [
      {
        "text" : "are you operating at reduced capacity?",
        "userDefined" : false
      }
    ],
    "isTemplate" : false,
    "count" : 0,
    "updated" : 0
  },
  {
    "id" : "a13f35af-eca5-4df1-8d80-b2077ebb06ed",
    "data" : [
      {
        "text" : "are you still open?",
        "userDefined" : false
      }
    ],
    "isTemplate" : false,
    "count" : 0,
    "updated" : 0
  },
  {
    "id" : "63419de5-76b2-400b-91e5-0580c0c7a9f0",
    "data" : [
      {
        "text" : "are you still operating as usual?",
        "userDefined" : false
      }
    ],
    "isTemplate" : false,
    "count" : 0,
    "updated" : 0
  },
  {
    "id" : "66d70315-8502-4d7e-9e80-e219811b39cd",
    "data" : [
      {
        "text" : "are you still operating at full capacity?",
        "userDefined" : false
      }
    ],
    "isTemplate" : false,
    "count" : 0,
    "updated" : 0
  },
  {
    "id" : "3b3a9c72-d75f-4aa5-9b5a-c62d00ba3139",
    "data" : [
      {
        "text" : "are your offices closed?",
        "userDefined" : false
      }
    ],
    "isTemplate" : false,
    "count" : 0,
    "updated" : 0
  },
  {
    "id" : "75494747-c209-41f9-ac04-171077b910d3",
    "data" : [
      {
        "text" : "are your services still available?",
        "userDefined" : false
      }
    ],
    "isTemplate" : false,
    "count" : 0,
    "updated" : 0
  },
  {
    "id" : "b3206184-e9ab-4cd6-9601-8b9714cd3e3a",
    "data" : [
      {
        "text" : "can i expect coronavirus to cause changes to your service?",
        "userDefined" : false
      }
    ],
    "isTemplate" : false,
    "count" : 0,
    "updated" : 0
  },
  {
    "id" : "85f4c79c-fde3-4fb1-b273-d2d0490179ee",
    "data" : [
      {
        "text" : "can i expected business as usual?",
        "userDefined" : false
      }
    ],
    "isTemplate" : false,
    "count" : 0,
    "updated" : 0
  },
  {
    "id" : "52a9ef94-d24e-4605-b6d8-f6ba2b06058e",
    "data" : [
      {
        "text" : "can i expected normal service?",
        "userDefined" : false
      }
    ],
    "isTemplate" : false,
    "count" : 0,
    "updated" : 0
  },
  {
    "id" : "ce05d09e-7b3b-480c-95d4-e40a840c5ec0",
    "data" : [
      {
        "text" : "can i still book a meeting?",
        "userDefined" : false
      }
    ],
    "isTemplate" : false,
    "count" : 0,
    "updated" : 0
  },
  {
    "id" : "e17407a6-15d3-4b86-93bd-d58c7f27fa0f",
    "data" : [
      {
        "text" : "can i use your service with online chat?",
        "userDefined" : false
      }
    ],
    "isTemplate" : false,
    "count" : 0,
    "updated" : 0
  },
  {
    "id" : "78f484e0-c1fd-4cbe-b777-339bc88115b2",
    "data" : [
      {
        "text" : "can i use your service with video chat?",
        "userDefined" : false
      }
    ],
    "isTemplate" : false,
    "count" : 0,
    "updated" : 0
  },
  {
    "id" : "4a8058d2-5f84-4896-bc76-3074f8284cd0",
    "data" : [
      {
        "text" : "do we have to meet virtually?",
        "userDefined" : false
      }
    ],
    "isTemplate" : false,
    "count" : 0,
    "updated" : 0
  },
  {
    "id" : "3eb05e03-3f46-4f0d-94d3-8ecb4ee8488d",
    "data" : [
      {
        "text" : "have you closed your offices due to corona virus?",
        "userDefined" : false
      }
    ],
    "isTemplate" : false,
    "count" : 0,
    "updated" : 0
  },
  {
    "id" : "f1744f66-ecc5-433e-9853-e81c7d71797c",
    "data" : [
      {
        "text" : "have you closed your offices?",
        "userDefined" : false
      }
    ],
    "isTemplate" : false,
    "count" : 0,
    "updated" : 0
  },
  {
    "id" : "da65c7bb-e156-46ad-a076-df070c336aea",
    "data" : [
      {
        "text" : "how are your operating during the covid-19 pandemic?",
        "userDefined" : false
      }
    ],
    "isTemplate" : false,
    "count" : 0,
    "updated" : 0
  },
  {
    "id" : "67322a9a-4637-4014-a2ea-74c1cb661ff7",
    "data" : [
      {
        "text" : "how can i arrange a meeting?",
        "userDefined" : false
      }
    ],
    "isTemplate" : false,
    "count" : 0,
    "updated" : 0
  },
  {
    "id" : "ec6b3a65-884e-446e-b1e5-5c3fc6afea2f",
    "data" : [
      {
        "text" : "how can we meet virtually?",
        "userDefined" : false
      }
    ],
    "isTemplate" : false,
    "count" : 0,
    "updated" : 0
  },
  {
    "id" : "3efd0396-fada-41aa-90d8-c841cb1a87d9",
    "data" : [
      {
        "text" : "is it business as usual?",
        "userDefined" : false
      }
    ],
    "isTemplate" : false,
    "count" : 0,
    "updated" : 0
  },
  {
    "id" : "b3022cb9-de3d-4805-8d01-6800963acd7b",
    "data" : [
      {
        "text" : "is the company currently active?",
        "userDefined" : false
      }
    ],
    "isTemplate" : false,
    "count" : 0,
    "updated" : 0
  },
  {
    "id" : "e752068f-cbde-4e1d-8c90-602abd2039d3",
    "data" : [
      {
        "text" : "is the company currently operating?",
        "userDefined" : false
      }
    ],
    "isTemplate" : false,
    "count" : 0,
    "updated" : 0
  },
  {
    "id" : "5bc81d69-c015-4800-b1d0-d74a9a6c347b",
    "data" : [
      {
        "text" : "is the office still open?",
        "userDefined" : false
      }
    ],
    "isTemplate" : false,
    "count" : 0,
    "updated" : 0
  },
  {
    "id" : "bdbd169e-495e-4001-aa56-5f85b4b0bffe",
    "data" : [
      {
        "text" : "is video chat available?",
        "userDefined" : false
      }
    ],
    "isTemplate" : false,
    "count" : 0,
    "updated" : 0
  },
  {
    "id" : "d12d8920-4622-4ca9-a0c1-c2cbc602b68a",
    "data" : [
      {
        "text" : "is your office still open?",
        "userDefined" : false
      }
    ],
    "isTemplate" : false,
    "count" : 0,
    "updated" : 0
  },
  {
    "id" : "326f0fe0-da81-4be7-a670-8888b36c233a",
    "data" : [
      {
        "text" : "will the office still be open?",
        "userDefined" : false
      }
    ],
    "isTemplate" : false,
    "count" : 0,
    "updated" : 0
  },
  {
    "id" : "10da8a63-96d0-4fdd-939f-243020b7c439",
    "data" : [
      {
        "text" : "will you continue operating as usual?",
        "userDefined" : false
      }
    ],
    "isTemplate" : false,
    "count" : 0,
    "updated" : 0
  },
  {
    "id" : "bd43f904-9968-4b84-b26b-8d025e2d4ce5",
    "data" : [
      {
        "text" : "will you continue operating?",
        "userDefined" : false
      }
    ],
    "isTemplate" : false,
    "count" : 0,
    "updated" : 0
  },
  {
    "id" : "6163cf51-511d-4025-aab5-5f9dc2118bc6",
    "data" : [
      {
        "text" : "will you continue to work as usual during coronavirus?",
        "userDefined" : false
      }
    ],
    "isTemplate" : false,
    "count" : 0,
    "updated" : 0
  }
]