[
  {
    "id" : "93729a87-0f1e-45a4-a062-58471a91a39e",
    "data" : [
      {
        "text" : "are you keeping your workers safe?",
        "userDefined" : false
      }
    ],
    "isTemplate" : false,
    "count" : 0,
    "updated" : 0
  },
  {
    "id" : "90788ce6-3b4c-4d62-9d13-0a9b714fe415",
    "data" : [
      {
        "text" : "are you paying your staff even if they are unwell?",
        "userDefined" : false
      }
    ],
    "isTemplate" : false,
    "count" : 0,
    "updated" : 0
  },
  {
    "id" : "61c0f79e-b9d2-4366-8287-115ad2672466",
    "data" : [
      {
        "text" : "do you have a business continuity plan?",
        "userDefined" : false
      }
    ],
    "isTemplate" : false,
    "count" : 0,
    "updated" : 0
  },
  {
    "id" : "8a69a866-5975-4f00-a1e6-5bcb10728bcb",
    "data" : [
      {
        "text" : "do you have a disaster recovery plan?",
        "userDefined" : false
      }
    ],
    "isTemplate" : false,
    "count" : 0,
    "updated" : 0
  },
  {
    "id" : "07540174-20ff-4ebb-a313-d707b2477a78",
    "data" : [
      {
        "text" : "do you have a plan for economic recovery?",
        "userDefined" : false
      }
    ],
    "isTemplate" : false,
    "count" : 0,
    "updated" : 0
  },
  {
    "id" : "d70b692e-091b-4788-aeb3-b1340d222a3d",
    "data" : [
      {
        "text" : "how are you going to cope with coronavirus?",
        "userDefined" : false
      }
    ],
    "isTemplate" : false,
    "count" : 0,
    "updated" : 0
  },
  {
    "id" : "82ec81c7-3816-461f-a632-cf36e3fc699f",
    "data" : [
      {
        "text" : "how are you going to cope with the pandemic?",
        "userDefined" : false
      }
    ],
    "isTemplate" : false,
    "count" : 0,
    "updated" : 0
  },
  {
    "id" : "667e4899-04f4-46f9-a8bf-20b36eecf0d2",
    "data" : [
      {
        "text" : "how are you keeping staff safe?",
        "userDefined" : false
      }
    ],
    "isTemplate" : false,
    "count" : 0,
    "updated" : 0
  },
  {
    "id" : "7003a9af-7b87-4aa6-bbeb-1193d7088004",
    "data" : [
      {
        "text" : "how are you protecting your staff?",
        "userDefined" : false
      }
    ],
    "isTemplate" : false,
    "count" : 0,
    "updated" : 0
  },
  {
    "id" : "894538c2-9c2c-4b4f-bc42-362402806f32",
    "data" : [
      {
        "text" : "how are you protecting your workers?",
        "userDefined" : false
      }
    ],
    "isTemplate" : false,
    "count" : 0,
    "updated" : 0
  },
  {
    "id" : "c68074e2-73be-4948-a36e-81089e201b97",
    "data" : [
      {
        "text" : "how does your business plan to recover?",
        "userDefined" : false
      }
    ],
    "isTemplate" : false,
    "count" : 0,
    "updated" : 0
  },
  {
    "id" : "e6770880-2203-445b-bab5-36285ac771b8",
    "data" : [
      {
        "text" : "how is the company going to cope with covid19?",
        "userDefined" : false
      }
    ],
    "isTemplate" : false,
    "count" : 0,
    "updated" : 0
  },
  {
    "id" : "ad3589f4-33f2-470c-981d-cb3d378acb14",
    "data" : [
      {
        "text" : "how will your business recover?",
        "userDefined" : false
      }
    ],
    "isTemplate" : false,
    "count" : 0,
    "updated" : 0
  },
  {
    "id" : "e6cb6711-32be-4f08-87f5-0407cefe7e47",
    "data" : [
      {
        "text" : "is there a continuity plan for coronavirus?",
        "userDefined" : false
      }
    ],
    "isTemplate" : false,
    "count" : 0,
    "updated" : 0
  },
  {
    "id" : "e86505ce-2468-4611-a407-ad319f6b49ee",
    "data" : [
      {
        "text" : "is there a disaster recovery plan?",
        "userDefined" : false
      }
    ],
    "isTemplate" : false,
    "count" : 0,
    "updated" : 0
  },
  {
    "id" : "3040d1d0-148b-4f7e-b4de-d14333a0f239",
    "data" : [
      {
        "text" : "what are you doing for business continuity?",
        "userDefined" : false
      }
    ],
    "isTemplate" : false,
    "count" : 0,
    "updated" : 0
  },
  {
    "id" : "38b8e769-f3d5-44d8-b8a8-67242c3e8edb",
    "data" : [
      {
        "text" : "what are you doing if people are self-isolating?",
        "userDefined" : false
      }
    ],
    "isTemplate" : false,
    "count" : 0,
    "updated" : 0
  },
  {
    "id" : "c16d00e9-018e-45bc-aad8-c847c8307cb4",
    "data" : [
      {
        "text" : "what are you doing if staff are sick?",
        "userDefined" : false
      }
    ],
    "isTemplate" : false,
    "count" : 0,
    "updated" : 0
  },
  {
    "id" : "544f1a61-d39a-4e8c-aed8-8ef2f5edb1b1",
    "data" : [
      {
        "text" : "what are you doing if staff are unwell?",
        "userDefined" : false
      }
    ],
    "isTemplate" : false,
    "count" : 0,
    "updated" : 0
  },
  {
    "id" : "76f48c78-b68e-49b0-9494-5cbeb3eb8dbd",
    "data" : [
      {
        "text" : "what are you doing to cope with covid-19?",
        "userDefined" : false
      }
    ],
    "isTemplate" : false,
    "count" : 0,
    "updated" : 0
  },
  {
    "id" : "93649044-45dc-4bde-ab2b-c503d21a1ac3",
    "data" : [
      {
        "text" : "what are you doing to manage corona at your company?",
        "userDefined" : false
      }
    ],
    "isTemplate" : false,
    "count" : 0,
    "updated" : 0
  },
  {
    "id" : "03a882bf-d35a-465d-86c7-79045c39aaa2",
    "data" : [
      {
        "text" : "what are your mitigation strategies for coronavirus?",
        "userDefined" : false
      }
    ],
    "isTemplate" : false,
    "count" : 0,
    "updated" : 0
  },
  {
    "id" : "21a10be6-4758-42de-ac04-997ebca26718",
    "data" : [
      {
        "text" : "what are your mitigation strategies?",
        "userDefined" : false
      }
    ],
    "isTemplate" : false,
    "count" : 0,
    "updated" : 0
  },
  {
    "id" : "e705b939-23ce-40ba-92f6-c4812ebce5bf",
    "data" : [
      {
        "text" : "what are your strategies for dealing with coronavirus as a company?",
        "userDefined" : false
      }
    ],
    "isTemplate" : false,
    "count" : 0,
    "updated" : 0
  },
  {
    "id" : "ff4adf00-76d8-4dab-9da0-f6d8e256e85b",
    "data" : [
      {
        "text" : "what are your strategies for the covid-19 outbreak?",
        "userDefined" : false
      }
    ],
    "isTemplate" : false,
    "count" : 0,
    "updated" : 0
  },
  {
    "id" : "3ca567ee-06f9-4b82-b636-dd092ad27d4a",
    "data" : [
      {
        "text" : "what will do do if staff are sick?",
        "userDefined" : false
      }
    ],
    "isTemplate" : false,
    "count" : 0,
    "updated" : 0
  },
  {
    "id" : "67fd5070-ae90-49f5-a445-b3a91d0df072",
    "data" : [
      {
        "text" : "what will you do if staff are unwell?",
        "userDefined" : false
      }
    ],
    "isTemplate" : false,
    "count" : 0,
    "updated" : 0
  },
  {
    "id" : "f636b7d5-b194-437e-be3d-12b74a68aca8",
    "data" : [
      {
        "text" : "what will you do so the company can recover more quickly?",
        "userDefined" : false
      }
    ],
    "isTemplate" : false,
    "count" : 0,
    "updated" : 0
  },
  {
    "id" : "521eaf15-32dc-455b-9a30-36383cc2e6c3",
    "data" : [
      {
        "text" : "will you business recover?",
        "userDefined" : false
      }
    ],
    "isTemplate" : false,
    "count" : 0,
    "updated" : 0
  }
]