[
  {
    "id" : "97d05cf0-b9a6-42fc-b2fd-7b6fc1b777e0",
    "data" : [
      {
        "text" : "are people working from home?",
        "userDefined" : false
      }
    ],
    "isTemplate" : false,
    "count" : 0,
    "updated" : 0
  },
  {
    "id" : "053ef46e-0af8-4d26-bf8f-45a0508ef11d",
    "data" : [
      {
        "text" : "are there any key workers?",
        "userDefined" : false
      }
    ],
    "isTemplate" : false,
    "count" : 0,
    "updated" : 0
  },
  {
    "id" : "214d41f2-8bdc-4515-800c-eabf32381e40",
    "data" : [
      {
        "text" : "are you in the office?",
        "userDefined" : false
      }
    ],
    "isTemplate" : false,
    "count" : 0,
    "updated" : 0
  },
  {
    "id" : "bd019899-b9cb-4fd4-9300-64e120069aa6",
    "data" : [
      {
        "text" : "are your people working from home right now?",
        "userDefined" : false
      }
    ],
    "isTemplate" : false,
    "count" : 0,
    "updated" : 0
  },
  {
    "id" : "fd4ac492-0556-4d8f-bf19-c376be77752d",
    "data" : [
      {
        "text" : "are your staff in the office right now?",
        "userDefined" : false
      }
    ],
    "isTemplate" : false,
    "count" : 0,
    "updated" : 0
  },
  {
    "id" : "65dbfb42-ed06-4b74-bf0d-cde20cc0e774",
    "data" : [
      {
        "text" : "are your staff in the office?",
        "userDefined" : false
      }
    ],
    "isTemplate" : false,
    "count" : 0,
    "updated" : 0
  },
  {
    "id" : "67510d07-b271-42d7-8084-c5c9142a594d",
    "data" : [
      {
        "text" : "are your staff still working?",
        "userDefined" : false
      }
    ],
    "isTemplate" : false,
    "count" : 0,
    "updated" : 0
  },
  {
    "id" : "a2a095f1-a00e-4449-95ae-a0f73d7e59be",
    "data" : [
      {
        "text" : "are your staff working from home?",
        "userDefined" : false
      }
    ],
    "isTemplate" : false,
    "count" : 0,
    "updated" : 0
  },
  {
    "id" : "2e7bc300-ac2b-42b3-9857-af6eec796d21",
    "data" : [
      {
        "text" : "can i contact your staff at the office?",
        "userDefined" : false
      }
    ],
    "isTemplate" : false,
    "count" : 0,
    "updated" : 0
  },
  {
    "id" : "bf7503a8-3702-45af-b8df-c106744d7090",
    "data" : [
      {
        "text" : "can i contact your staff right now?",
        "userDefined" : false
      }
    ],
    "isTemplate" : false,
    "count" : 0,
    "updated" : 0
  },
  {
    "id" : "4b18403d-4a54-4f0e-aaaf-01ff4a79d753",
    "data" : [
      {
        "text" : "can you work from home if needed?",
        "userDefined" : false
      }
    ],
    "isTemplate" : false,
    "count" : 0,
    "updated" : 0
  },
  {
    "id" : "7d613e8a-7ad8-4c58-98b0-b5201f84002d",
    "data" : [
      {
        "text" : "do you have any key workers?",
        "userDefined" : false
      }
    ],
    "isTemplate" : false,
    "count" : 0,
    "updated" : 0
  },
  {
    "id" : "40f3718a-b99d-4f95-a7f2-f15c5bfa5c34",
    "data" : [
      {
        "text" : "do you have people still working?",
        "userDefined" : false
      }
    ],
    "isTemplate" : false,
    "count" : 0,
    "updated" : 0
  },
  {
    "id" : "a12192dc-0ebc-4d0d-b549-263b87260481",
    "data" : [
      {
        "text" : "do you have the resources for working from home?",
        "userDefined" : false
      }
    ],
    "isTemplate" : false,
    "count" : 0,
    "updated" : 0
  },
  {
    "id" : "6b5e0cdd-1c21-4e7a-b8aa-f409a27591f0",
    "data" : [
      {
        "text" : "do you have the resources to work from home?",
        "userDefined" : false
      }
    ],
    "isTemplate" : false,
    "count" : 0,
    "updated" : 0
  },
  {
    "id" : "9370c454-6c8f-4345-8d29-75d0c826b667",
    "data" : [
      {
        "text" : "do you still have key workers?",
        "userDefined" : false
      }
    ],
    "isTemplate" : false,
    "count" : 0,
    "updated" : 0
  },
  {
    "id" : "72616807-5690-4f3c-bda9-946102855359",
    "data" : [
      {
        "text" : "do your staff have the resources to work from home?",
        "userDefined" : false
      }
    ],
    "isTemplate" : false,
    "count" : 0,
    "updated" : 0
  },
  {
    "id" : "823e2b20-43a7-42c5-b11e-7d458d82e8b0",
    "data" : [
      {
        "text" : "does your company have the resources to work from home?",
        "userDefined" : false
      }
    ],
    "isTemplate" : false,
    "count" : 0,
    "updated" : 0
  },
  {
    "id" : "62e015c7-892f-4c0a-b0a0-b5c23317175b",
    "data" : [
      {
        "text" : "how can i contact your staff?",
        "userDefined" : false
      }
    ],
    "isTemplate" : false,
    "count" : 0,
    "updated" : 0
  },
  {
    "id" : "29039075-73b8-423c-89c0-3c1abb20597c",
    "data" : [
      {
        "text" : "is anyone still working?",
        "userDefined" : false
      }
    ],
    "isTemplate" : false,
    "count" : 0,
    "updated" : 0
  },
  {
    "id" : "913efc29-30fb-4023-b851-359772de08f4",
    "data" : [
      {
        "text" : "where are your staff?",
        "userDefined" : false
      }
    ],
    "isTemplate" : false,
    "count" : 0,
    "updated" : 0
  },
  {
    "id" : "6593b942-456e-4f40-8deb-99bb31689309",
    "data" : [
      {
        "text" : "who is available for remote meetings?",
        "userDefined" : false
      }
    ],
    "isTemplate" : false,
    "count" : 0,
    "updated" : 0
  },
  {
    "id" : "eb13b6d6-8790-4c37-87b4-18ab5da48aaf",
    "data" : [
      {
        "text" : "who is available for virtual meetings?",
        "userDefined" : false
      }
    ],
    "isTemplate" : false,
    "count" : 0,
    "updated" : 0
  },
  {
    "id" : "f0fd56e3-08aa-4c81-a4f5-9f2280e3b251",
    "data" : [
      {
        "text" : "who is available to speak to while your office is closed?",
        "userDefined" : false
      }
    ],
    "isTemplate" : false,
    "count" : 0,
    "updated" : 0
  },
  {
    "id" : "17839cfb-b63f-4162-a440-3f1c92c9fa18",
    "data" : [
      {
        "text" : "who is available while staff are working from home?",
        "userDefined" : false
      }
    ],
    "isTemplate" : false,
    "count" : 0,
    "updated" : 0
  },
  {
    "id" : "0522a40c-d139-4d10-be4e-58ba399ddffd",
    "data" : [
      {
        "text" : "who is available while working from home?",
        "userDefined" : false
      }
    ],
    "isTemplate" : false,
    "count" : 0,
    "updated" : 0
  },
  {
    "id" : "3149430f-8a83-42f2-9e6b-7e078b1dbeff",
    "data" : [
      {
        "text" : "who is still working?",
        "userDefined" : false
      }
    ],
    "isTemplate" : false,
    "count" : 0,
    "updated" : 0
  }
]