[
  {
    "id" : "f5fd06b7-fe16-49b9-aaa7-3c86adb4c94c",
    "data" : [
      {
        "text" : "a wood chuck can't chuck any kind of wood",
        "userDefined" : false
      }
    ],
    "isTemplate" : false,
    "count" : 0,
    "updated" : 0
  },
  {
    "id" : "93f4db39-e3ee-4cd2-a50e-3fd0b96a977b",
    "data" : [
      {
        "text" : "a wood chuck can't chuck wood",
        "userDefined" : false
      }
    ],
    "isTemplate" : false,
    "count" : 0,
    "updated" : 0
  },
  {
    "id" : "dc88dbda-d80d-496e-9899-31060a76fbd1",
    "data" : [
      {
        "text" : "are you wearing anything?",
        "userDefined" : false
      }
    ],
    "isTemplate" : false,
    "count" : 0,
    "updated" : 0
  },
  {
    "id" : "4babb9dc-3e4f-4458-9c65-a2ab81902459",
    "data" : [
      {
        "text" : "can i arrange a taxi",
        "userDefined" : false
      }
    ],
    "isTemplate" : false,
    "count" : 0,
    "updated" : 0
  },
  {
    "id" : "a48bcfe1-b738-4f79-89dc-3e86d20e93e1",
    "data" : [
      {
        "text" : "can i book a taxi?",
        "userDefined" : false
      }
    ],
    "isTemplate" : false,
    "count" : 0,
    "updated" : 0
  },
  {
    "id" : "8082d575-4211-4a71-98f4-49a1a3761234",
    "data" : [
      {
        "text" : "can i order a pizza?",
        "userDefined" : false
      }
    ],
    "isTemplate" : false,
    "count" : 0,
    "updated" : 0
  },
  {
    "id" : "daf4590f-d796-42f6-b6a9-05624d0ab9d1",
    "data" : [
      {
        "text" : "give quiche a chance",
        "userDefined" : false
      }
    ],
    "isTemplate" : false,
    "count" : 0,
    "updated" : 0
  },
  {
    "id" : "c890f5e5-f0ca-4f84-991b-36d0818f7b0a",
    "data" : [
      {
        "text" : "how much wood could a wood chuck chuck if a wood chuck would chuck wood?",
        "userDefined" : false
      }
    ],
    "isTemplate" : false,
    "count" : 0,
    "updated" : 0
  },
  {
    "id" : "faf36a64-584c-4cb6-833b-624e613f9133",
    "data" : [
      {
        "text" : "i am heavy weapons guy and this is my weapon",
        "userDefined" : false
      }
    ],
    "isTemplate" : false,
    "count" : 0,
    "updated" : 0
  },
  {
    "id" : "df57abc2-949e-4c06-b1be-4d7056a55f40",
    "data" : [
      {
        "text" : "i know kung-fu",
        "userDefined" : false
      }
    ],
    "isTemplate" : false,
    "count" : 0,
    "updated" : 0
  },
  {
    "id" : "97edf0ea-ce18-407f-9de3-8391d83a84c7",
    "data" : [
      {
        "text" : "i need a taxi",
        "userDefined" : false
      }
    ],
    "isTemplate" : false,
    "count" : 0,
    "updated" : 0
  },
  {
    "id" : "7b15a865-bef9-4689-b7d1-34ae892d3f47",
    "data" : [
      {
        "text" : "i want a pepperoni pizza",
        "userDefined" : false
      }
    ],
    "isTemplate" : false,
    "count" : 0,
    "updated" : 0
  },
  {
    "id" : "e369be9e-a420-4c53-9cbc-b252a7ab21c4",
    "data" : [
      {
        "text" : "i want to order a pizza",
        "userDefined" : false
      }
    ],
    "isTemplate" : false,
    "count" : 0,
    "updated" : 0
  },
  {
    "id" : "ba492695-c6cb-4396-84b9-b1f27f8bb91d",
    "data" : [
      {
        "text" : "i'd like a pizza please",
        "userDefined" : false
      }
    ],
    "isTemplate" : false,
    "count" : 0,
    "updated" : 0
  },
  {
    "id" : "1e69ba07-0594-4268-af47-f2b3056a05ef",
    "data" : [
      {
        "text" : "i'm all out of bubblegum",
        "userDefined" : false
      }
    ],
    "isTemplate" : false,
    "count" : 0,
    "updated" : 0
  },
  {
    "id" : "3613e716-43ee-447e-9e52-01b1d229ab81",
    "data" : [
      {
        "text" : "i'm asking you to marry me",
        "userDefined" : false
      }
    ],
    "isTemplate" : false,
    "count" : 0,
    "updated" : 0
  },
  {
    "id" : "e0643870-8492-4b5a-ae09-029671c0f235",
    "data" : [
      {
        "text" : "it's an albany expression",
        "userDefined" : false
      }
    ],
    "isTemplate" : false,
    "count" : 0,
    "updated" : 0
  },
  {
    "id" : "b587f614-c086-4df2-88f7-aaaaf1524fc6",
    "data" : [
      {
        "text" : "marry me",
        "userDefined" : false
      }
    ],
    "isTemplate" : false,
    "count" : 0,
    "updated" : 0
  },
  {
    "id" : "23820ccb-1211-490c-b736-d6c39ff6bd1f",
    "data" : [
      {
        "text" : "now i have a machine gun ho-ho-ho!",
        "userDefined" : false
      }
    ],
    "isTemplate" : false,
    "count" : 0,
    "updated" : 0
  },
  {
    "id" : "e7e7e676-31ad-46fa-92be-8571364563a9",
    "data" : [
      {
        "text" : "please marry me",
        "userDefined" : false
      }
    ],
    "isTemplate" : false,
    "count" : 0,
    "updated" : 0
  },
  {
    "id" : "1117472e-b9bb-4193-b7f4-7722c6dd8adf",
    "data" : [
      {
        "text" : "tell me what you're wearing?",
        "userDefined" : false
      }
    ],
    "isTemplate" : false,
    "count" : 0,
    "updated" : 0
  },
  {
    "id" : "5bf36ecf-5cea-406b-9102-be528c9f94ac",
    "data" : [
      {
        "text" : "trial by stone!",
        "userDefined" : false
      }
    ],
    "isTemplate" : false,
    "count" : 0,
    "updated" : 0
  },
  {
    "id" : "3eedce4c-9831-4d1e-b864-3280fe6f5f19",
    "data" : [
      {
        "text" : "what are you wearing?",
        "userDefined" : false
      }
    ],
    "isTemplate" : false,
    "count" : 0,
    "updated" : 0
  },
  {
    "id" : "30a723e8-9755-4fd1-838c-d918d49ee66c",
    "data" : [
      {
        "text" : "will you marry me?",
        "userDefined" : false
      }
    ],
    "isTemplate" : false,
    "count" : 0,
    "updated" : 0
  },
  {
    "id" : "81dd7faa-d58e-43bc-8645-418f5ef6fb00",
    "data" : [
      {
        "text" : "you come to me on the day of my daughter's wedding",
        "userDefined" : false
      }
    ],
    "isTemplate" : false,
    "count" : 0,
    "updated" : 0
  },
  {
    "id" : "4727ebed-e536-4362-a1bd-c7c2a84775f1",
    "data" : [
      {
        "text" : "you don't win friends with salad",
        "userDefined" : false
      }
    ],
    "isTemplate" : false,
    "count" : 0,
    "updated" : 0
  },
  {
    "id" : "6c1f54ec-fdc0-4e04-900c-0288158def97",
    "data" : [
      {
        "text" : "you're going to need a bigger boat",
        "userDefined" : false
      }
    ],
    "isTemplate" : false,
    "count" : 0,
    "updated" : 0
  }
]