[
  {
    "id" : "f0c63a04-65bc-46d0-9a33-ffee49067e0d",
    "data" : [
      {
        "text" : "are the supermarkets going to run out of food?",
        "userDefined" : false
      }
    ],
    "isTemplate" : false,
    "count" : 0,
    "updated" : 0
  },
  {
    "id" : "4d9b3173-0271-419a-8a43-cd47d509cfa4",
    "data" : [
      {
        "text" : "are the supermarkets going to run out of supplies?",
        "userDefined" : false
      }
    ],
    "isTemplate" : false,
    "count" : 0,
    "updated" : 0
  },
  {
    "id" : "a0d901a0-2151-40c0-87fc-f388142bd99d",
    "data" : [
      {
        "text" : "can i go to the shops for",
        "userDefined" : false
      }
    ],
    "isTemplate" : false,
    "count" : 0,
    "updated" : 0
  },
  {
    "id" : "a1e3ff68-f99c-4060-9b0f-6762d86877d6",
    "data" : [
      {
        "text" : "can i go to the shops for that?",
        "userDefined" : false
      }
    ],
    "isTemplate" : false,
    "count" : 0,
    "updated" : 0
  },
  {
    "id" : "b494c4d3-710e-4656-b2e6-7c933f00b64e",
    "data" : [
      {
        "text" : "could there be shortages?",
        "userDefined" : false
      }
    ],
    "isTemplate" : false,
    "count" : 0,
    "updated" : 0
  },
  {
    "id" : "1a449e89-0537-443a-8fad-f290194dbf12",
    "data" : [
      {
        "text" : "do i need to buy anything?",
        "userDefined" : false
      }
    ],
    "isTemplate" : false,
    "count" : 0,
    "updated" : 0
  },
  {
    "id" : "38eaebd8-1494-442a-b7ec-cb143512b818",
    "data" : [
      {
        "text" : "do i need to buy more",
        "userDefined" : false
      }
    ],
    "isTemplate" : false,
    "count" : 0,
    "updated" : 0
  },
  {
    "id" : "390b0b63-aa2e-47d2-af37-20d924725368",
    "data" : [
      {
        "text" : "do i need to buy more toilet paper",
        "userDefined" : false
      }
    ],
    "isTemplate" : false,
    "count" : 0,
    "updated" : 0
  },
  {
    "id" : "bbc1434a-2ea3-4f1d-bbf8-69a83f25a9cf",
    "data" : [
      {
        "text" : "do people need to stockpile?",
        "userDefined" : false
      }
    ],
    "isTemplate" : false,
    "count" : 0,
    "updated" : 0
  },
  {
    "id" : "0a59be6b-1d46-4441-9817-6f00e1270e00",
    "data" : [
      {
        "text" : "i need to buy",
        "userDefined" : false
      }
    ],
    "isTemplate" : false,
    "count" : 0,
    "updated" : 0
  },
  {
    "id" : "fbdf61df-c48f-428f-a115-80fd8b6d7550",
    "data" : [
      {
        "text" : "i need to buy can i go to the shops for that?",
        "userDefined" : false
      }
    ],
    "isTemplate" : false,
    "count" : 0,
    "updated" : 0
  },
  {
    "id" : "cf7fb2bc-5c55-4f4e-9b09-448ce4cba6a2",
    "data" : [
      {
        "text" : "i need to buy more",
        "userDefined" : false
      }
    ],
    "isTemplate" : false,
    "count" : 0,
    "updated" : 0
  },
  {
    "id" : "7bc7557b-0185-4da5-8399-2d3656bbde33",
    "data" : [
      {
        "text" : "i need to buy more medicine",
        "userDefined" : false
      }
    ],
    "isTemplate" : false,
    "count" : 0,
    "updated" : 0
  },
  {
    "id" : "1db08525-9a91-4916-88cc-0172cb12e6fa",
    "data" : [
      {
        "text" : "i need to buy more soap",
        "userDefined" : false
      }
    ],
    "isTemplate" : false,
    "count" : 0,
    "updated" : 0
  },
  {
    "id" : "d733d8f6-2fb7-47ee-9ece-0132056a5925",
    "data" : [
      {
        "text" : "i'm worried about supply chains",
        "userDefined" : false
      }
    ],
    "isTemplate" : false,
    "count" : 0,
    "updated" : 0
  },
  {
    "id" : "8316d49d-232f-42e6-89c3-83ce3d5fcb5d",
    "data" : [
      {
        "text" : "should i stockpile?",
        "userDefined" : false
      }
    ],
    "isTemplate" : false,
    "count" : 0,
    "updated" : 0
  },
  {
    "id" : "50684e01-250c-4b9c-aa14-9f39909c83a0",
    "data" : [
      {
        "text" : "should we be worried about food shortages?",
        "userDefined" : false
      }
    ],
    "isTemplate" : false,
    "count" : 0,
    "updated" : 0
  },
  {
    "id" : "da0b5fa0-8846-43a7-b68a-57300967dc91",
    "data" : [
      {
        "text" : "what extra supplies to do i need",
        "userDefined" : false
      }
    ],
    "isTemplate" : false,
    "count" : 0,
    "updated" : 0
  },
  {
    "id" : "708cbf1d-9022-4857-adb5-778758c58240",
    "data" : [
      {
        "text" : "what food should i be stocking up?",
        "userDefined" : false
      }
    ],
    "isTemplate" : false,
    "count" : 0,
    "updated" : 0
  },
  {
    "id" : "a19ac6fe-fe2a-4c62-b1d1-39377d5ba673",
    "data" : [
      {
        "text" : "what if i need more soap?",
        "userDefined" : false
      }
    ],
    "isTemplate" : false,
    "count" : 0,
    "updated" : 0
  },
  {
    "id" : "3b8e6adc-8b25-4f1b-a3a8-0544a2bb3e65",
    "data" : [
      {
        "text" : "what if i run out of soap and need to buy more?",
        "userDefined" : false
      }
    ],
    "isTemplate" : false,
    "count" : 0,
    "updated" : 0
  },
  {
    "id" : "e1ffdc36-8b40-4db2-992c-1119b1a7d4d5",
    "data" : [
      {
        "text" : "what is panic buying",
        "userDefined" : false
      }
    ],
    "isTemplate" : false,
    "count" : 0,
    "updated" : 0
  },
  {
    "id" : "baad990c-8396-4014-b9d9-18658d50b2e8",
    "data" : [
      {
        "text" : "what kind of food should i buy?",
        "userDefined" : false
      }
    ],
    "isTemplate" : false,
    "count" : 0,
    "updated" : 0
  },
  {
    "id" : "41312248-611b-4d9c-adab-b8323c493421",
    "data" : [
      {
        "text" : "what should i do if the supermarkets are empty?",
        "userDefined" : false
      }
    ],
    "isTemplate" : false,
    "count" : 0,
    "updated" : 0
  },
  {
    "id" : "81046aee-bc3f-46ac-9211-b929f0a653fa",
    "data" : [
      {
        "text" : "what should i do if there's a shortage?",
        "userDefined" : false
      }
    ],
    "isTemplate" : false,
    "count" : 0,
    "updated" : 0
  },
  {
    "id" : "2573ec1b-a6a8-4ecc-9181-1d47dfe86cdc",
    "data" : [
      {
        "text" : "what should i stock up on?",
        "userDefined" : false
      }
    ],
    "isTemplate" : false,
    "count" : 0,
    "updated" : 0
  },
  {
    "id" : "41ec9fcd-e9ed-4f91-a89e-9790e32e4230",
    "data" : [
      {
        "text" : "what supplies might there be a shortage of?",
        "userDefined" : false
      }
    ],
    "isTemplate" : false,
    "count" : 0,
    "updated" : 0
  },
  {
    "id" : "8aba83f0-5e61-49a6-8832-8277be7314eb",
    "data" : [
      {
        "text" : "what supplies should i stock up on?",
        "userDefined" : false
      }
    ],
    "isTemplate" : false,
    "count" : 0,
    "updated" : 0
  },
  {
    "id" : "370999d5-b1f0-4460-99aa-de5ece3cff93",
    "data" : [
      {
        "text" : "what things should i buy",
        "userDefined" : false
      }
    ],
    "isTemplate" : false,
    "count" : 0,
    "updated" : 0
  },
  {
    "id" : "c6479f3e-6bd8-4c84-b1c7-ea0680c71cad",
    "data" : [
      {
        "text" : "what type of food is good for stocking up?",
        "userDefined" : false
      }
    ],
    "isTemplate" : false,
    "count" : 0,
    "updated" : 0
  },
  {
    "id" : "b3ea084a-7b99-4996-8e1d-6024a3758b63",
    "data" : [
      {
        "text" : "why are people panic-buying?",
        "userDefined" : false
      }
    ],
    "isTemplate" : false,
    "count" : 0,
    "updated" : 0
  },
  {
    "id" : "f84806d2-7b59-4ec2-8d6c-f93e4d15a8ba",
    "data" : [
      {
        "text" : "will shortages be a problem?",
        "userDefined" : false
      }
    ],
    "isTemplate" : false,
    "count" : 0,
    "updated" : 0
  },
  {
    "id" : "74e0fe6e-e4ea-452f-bd5d-145e6ba8c193",
    "data" : [
      {
        "text" : "will supply chains be affected",
        "userDefined" : false
      }
    ],
    "isTemplate" : false,
    "count" : 0,
    "updated" : 0
  }
]