[
  {
    "id" : "5ba86898-7894-4d75-a8f2-5c56c6dce858",
    "data" : [
      {
        "text" : "can a virus change over time?",
        "userDefined" : false
      }
    ],
    "isTemplate" : false,
    "count" : 0,
    "updated" : 0
  },
  {
    "id" : "127dec11-0aad-4219-b7b9-ec0149de30c1",
    "data" : [
      {
        "text" : "can covid-19 mutate over time?",
        "userDefined" : false
      }
    ],
    "isTemplate" : false,
    "count" : 0,
    "updated" : 0
  },
  {
    "id" : "e7812c19-fb55-4542-af65-16a8ed7d62de",
    "data" : [
      {
        "text" : "could coronavirus come back in the winter?",
        "userDefined" : false
      }
    ],
    "isTemplate" : false,
    "count" : 0,
    "updated" : 0
  },
  {
    "id" : "12a66751-0735-493d-a80b-b4c73210c3c1",
    "data" : [
      {
        "text" : "could covid19 return in the autumn?",
        "userDefined" : false
      }
    ],
    "isTemplate" : false,
    "count" : 0,
    "updated" : 0
  },
  {
    "id" : "b21f1e0d-f204-4180-b480-7a00d593138d",
    "data" : [
      {
        "text" : "could this still be going on next year?",
        "userDefined" : false
      }
    ],
    "isTemplate" : false,
    "count" : 0,
    "updated" : 0
  },
  {
    "id" : "a2d5a448-1217-4270-b9e5-1e0d4b9de499",
    "data" : [
      {
        "text" : "how does a pandemic progress?",
        "userDefined" : false
      }
    ],
    "isTemplate" : false,
    "count" : 0,
    "updated" : 0
  },
  {
    "id" : "ab4b7654-ceb2-4d35-b281-5f9a6125b2cb",
    "data" : [
      {
        "text" : "how does a viral outbreak progress?",
        "userDefined" : false
      }
    ],
    "isTemplate" : false,
    "count" : 0,
    "updated" : 0
  },
  {
    "id" : "bd5b400b-71be-4db7-9533-187adf60b5b2",
    "data" : [
      {
        "text" : "how does an outbreak progress?",
        "userDefined" : false
      }
    ],
    "isTemplate" : false,
    "count" : 0,
    "updated" : 0
  },
  {
    "id" : "3f2b5166-718d-40dd-af12-7113203f8cfd",
    "data" : [
      {
        "text" : "how long does a pandemic last?",
        "userDefined" : false
      }
    ],
    "isTemplate" : false,
    "count" : 0,
    "updated" : 0
  },
  {
    "id" : "44f909c9-abe3-4086-ac03-63f569e69c8a",
    "data" : [
      {
        "text" : "how long does it take for a pandemic to end?",
        "userDefined" : false
      }
    ],
    "isTemplate" : false,
    "count" : 0,
    "updated" : 0
  },
  {
    "id" : "6cfb012e-cc8c-4261-a204-4fc34a38137a",
    "data" : [
      {
        "text" : "how long has the pandemic been going on",
        "userDefined" : false
      }
    ],
    "isTemplate" : false,
    "count" : 0,
    "updated" : 0
  },
  {
    "id" : "97d5b7bc-3310-4caf-95ba-22be3bf6d356",
    "data" : [
      {
        "text" : "how long has this been going on for?",
        "userDefined" : false
      }
    ],
    "isTemplate" : false,
    "count" : 0,
    "updated" : 0
  },
  {
    "id" : "149f970f-0b43-41c3-8a23-43361e51da6f",
    "data" : [
      {
        "text" : "how long will a pandemic last?",
        "userDefined" : false
      }
    ],
    "isTemplate" : false,
    "count" : 0,
    "updated" : 0
  },
  {
    "id" : "58b796ab-1114-4e7a-9ee1-ec71577711b9",
    "data" : [
      {
        "text" : "how long will the be a pandemic?",
        "userDefined" : false
      }
    ],
    "isTemplate" : false,
    "count" : 0,
    "updated" : 0
  },
  {
    "id" : "ecb5b64f-7ab3-435c-a690-ee4952099a45",
    "data" : [
      {
        "text" : "how long will the coronavirus outbreak last?",
        "userDefined" : false
      }
    ],
    "isTemplate" : false,
    "count" : 0,
    "updated" : 0
  },
  {
    "id" : "b8f56775-7091-44e4-880e-e43461330f92",
    "data" : [
      {
        "text" : "how long will this outbreak last?",
        "userDefined" : false
      }
    ],
    "isTemplate" : false,
    "count" : 0,
    "updated" : 0
  },
  {
    "id" : "2db63f54-8cd7-481f-8a67-09212f3e70a3",
    "data" : [
      {
        "text" : "how many months can we expect this to last?",
        "userDefined" : false
      }
    ],
    "isTemplate" : false,
    "count" : 0,
    "updated" : 0
  },
  {
    "id" : "66566f2e-1afe-4b89-8c8f-62e7b93d886d",
    "data" : [
      {
        "text" : "how many months has coronavirus been going on for?",
        "userDefined" : false
      }
    ],
    "isTemplate" : false,
    "count" : 0,
    "updated" : 0
  },
  {
    "id" : "e58c186d-c99b-4a4d-b443-b8edec40cc68",
    "data" : [
      {
        "text" : "how many months will this continue?",
        "userDefined" : false
      }
    ],
    "isTemplate" : false,
    "count" : 0,
    "updated" : 0
  },
  {
    "id" : "8d2f1eb1-d3e1-4eb2-9333-e74e4775c22a",
    "data" : [
      {
        "text" : "how many months will this pandemic last?",
        "userDefined" : false
      }
    ],
    "isTemplate" : false,
    "count" : 0,
    "updated" : 0
  },
  {
    "id" : "efe705d6-7c4f-4dd5-8d6b-e1bef36f757c",
    "data" : [
      {
        "text" : "how will covid-19 progress over time?",
        "userDefined" : false
      }
    ],
    "isTemplate" : false,
    "count" : 0,
    "updated" : 0
  },
  {
    "id" : "98cb3787-9782-48ea-969b-efda3ce64963",
    "data" : [
      {
        "text" : "how will the virus change over time?",
        "userDefined" : false
      }
    ],
    "isTemplate" : false,
    "count" : 0,
    "updated" : 0
  },
  {
    "id" : "66fb5d89-38f6-4b41-8e48-a0760271fbe0",
    "data" : [
      {
        "text" : "how will the virus mutate?",
        "userDefined" : false
      }
    ],
    "isTemplate" : false,
    "count" : 0,
    "updated" : 0
  },
  {
    "id" : "ba701775-a2ff-490c-b35a-32a41963a00b",
    "data" : [
      {
        "text" : "how will things have changes in a year?",
        "userDefined" : false
      }
    ],
    "isTemplate" : false,
    "count" : 0,
    "updated" : 0
  },
  {
    "id" : "7eb2c648-234b-4df6-9e55-f780c5b50616",
    "data" : [
      {
        "text" : "is a virus better in summer?",
        "userDefined" : false
      }
    ],
    "isTemplate" : false,
    "count" : 0,
    "updated" : 0
  },
  {
    "id" : "5a3eb33d-c27b-48c7-9954-1c129b43e396",
    "data" : [
      {
        "text" : "is corona worse in winter?",
        "userDefined" : false
      }
    ],
    "isTemplate" : false,
    "count" : 0,
    "updated" : 0
  },
  {
    "id" : "0c240a27-9f8c-4637-8f37-63890e732df1",
    "data" : [
      {
        "text" : "what will be happening in a months time",
        "userDefined" : false
      }
    ],
    "isTemplate" : false,
    "count" : 0,
    "updated" : 0
  },
  {
    "id" : "b0b9dc69-21e7-4968-820a-1a67719ff181",
    "data" : [
      {
        "text" : "what will be happening in a week",
        "userDefined" : false
      }
    ],
    "isTemplate" : false,
    "count" : 0,
    "updated" : 0
  },
  {
    "id" : "2c046316-6536-417a-b2a1-a22ca6117aba",
    "data" : [
      {
        "text" : "what will happen next year?",
        "userDefined" : false
      }
    ],
    "isTemplate" : false,
    "count" : 0,
    "updated" : 0
  },
  {
    "id" : "97b9755d-9817-448c-bd5c-29ab001d7bcf",
    "data" : [
      {
        "text" : "when can we go back to normal?",
        "userDefined" : false
      }
    ],
    "isTemplate" : false,
    "count" : 0,
    "updated" : 0
  },
  {
    "id" : "36191333-8ae1-4d80-a341-00052055d1a5",
    "data" : [
      {
        "text" : "when will life go back to normal?",
        "userDefined" : false
      }
    ],
    "isTemplate" : false,
    "count" : 0,
    "updated" : 0
  },
  {
    "id" : "b9c67b9f-0d0b-4578-bdf0-6f7abc905583",
    "data" : [
      {
        "text" : "when will things go back to normal?",
        "userDefined" : false
      }
    ],
    "isTemplate" : false,
    "count" : 0,
    "updated" : 0
  },
  {
    "id" : "16316896-b323-471e-adac-e115f6dc33ad",
    "data" : [
      {
        "text" : "when will this be over?",
        "userDefined" : false
      }
    ],
    "isTemplate" : false,
    "count" : 0,
    "updated" : 0
  },
  {
    "id" : "bfa840af-8d70-4e28-9bab-0653e56305e6",
    "data" : [
      {
        "text" : "will corona ever go away?",
        "userDefined" : false
      }
    ],
    "isTemplate" : false,
    "count" : 0,
    "updated" : 0
  },
  {
    "id" : "37ca1a7e-58db-4d24-8aed-07a76d0bbaf3",
    "data" : [
      {
        "text" : "will it get worse again in the autumn?",
        "userDefined" : false
      }
    ],
    "isTemplate" : false,
    "count" : 0,
    "updated" : 0
  },
  {
    "id" : "47f7325c-3f6c-44b5-bff9-8dc472935591",
    "data" : [
      {
        "text" : "will the outbreak be over soon?",
        "userDefined" : false
      }
    ],
    "isTemplate" : false,
    "count" : 0,
    "updated" : 0
  },
  {
    "id" : "9dd33665-d362-497e-9286-3124eacfb4c2",
    "data" : [
      {
        "text" : "will the pandemic last years?",
        "userDefined" : false
      }
    ],
    "isTemplate" : false,
    "count" : 0,
    "updated" : 0
  },
  {
    "id" : "86e0480a-3319-43c4-ad7c-75a597701947",
    "data" : [
      {
        "text" : "will the situation change in a few weeks?",
        "userDefined" : false
      }
    ],
    "isTemplate" : false,
    "count" : 0,
    "updated" : 0
  },
  {
    "id" : "4b77bf2a-7ac0-42e5-bfc5-e4db814fd0c9",
    "data" : [
      {
        "text" : "will the situation have changed in a month?",
        "userDefined" : false
      }
    ],
    "isTemplate" : false,
    "count" : 0,
    "updated" : 0
  },
  {
    "id" : "39c9f2aa-9764-4119-b6c7-fe0c437bb4ac",
    "data" : [
      {
        "text" : "will the virus go away?",
        "userDefined" : false
      }
    ],
    "isTemplate" : false,
    "count" : 0,
    "updated" : 0
  },
  {
    "id" : "9384f9db-9f0c-471c-a934-89f310b22431",
    "data" : [
      {
        "text" : "will things be different in a month?",
        "userDefined" : false
      }
    ],
    "isTemplate" : false,
    "count" : 0,
    "updated" : 0
  },
  {
    "id" : "b74ceefe-86f6-44eb-b406-7140fa75aada",
    "data" : [
      {
        "text" : "will things be different next week?",
        "userDefined" : false
      }
    ],
    "isTemplate" : false,
    "count" : 0,
    "updated" : 0
  },
  {
    "id" : "e4270c5d-5c8f-4541-8cda-0114e71fc8ae",
    "data" : [
      {
        "text" : "will things improve in the spring?",
        "userDefined" : false
      }
    ],
    "isTemplate" : false,
    "count" : 0,
    "updated" : 0
  },
  {
    "id" : "8f025196-715b-41bf-8318-52afc84020b2",
    "data" : [
      {
        "text" : "will things improve in the summer?",
        "userDefined" : false
      }
    ],
    "isTemplate" : false,
    "count" : 0,
    "updated" : 0
  },
  {
    "id" : "ebd37d72-9511-4fec-8ce7-9984fd26f04e",
    "data" : [
      {
        "text" : "will this continue into autumn?",
        "userDefined" : false
      }
    ],
    "isTemplate" : false,
    "count" : 0,
    "updated" : 0
  },
  {
    "id" : "2fcb03bb-d6e1-492b-ac94-5de558f4a498",
    "data" : [
      {
        "text" : "will this continue into next winter?",
        "userDefined" : false
      }
    ],
    "isTemplate" : false,
    "count" : 0,
    "updated" : 0
  },
  {
    "id" : "63aae686-f3c1-48c2-8e4a-34be1b63f7df",
    "data" : [
      {
        "text" : "will this continue into next year",
        "userDefined" : false
      }
    ],
    "isTemplate" : false,
    "count" : 0,
    "updated" : 0
  }
]