[
  {
    "id" : "da95f33b-d6ab-4bae-8d3b-72871583f140",
    "data" : [
      {
        "text" : "am i immune once i've been vaccinated?",
        "userDefined" : false
      }
    ],
    "isTemplate" : false,
    "count" : 0,
    "updated" : 0
  },
  {
    "id" : "47bbf02d-12b9-4243-89dc-26b26005b062",
    "data" : [
      {
        "text" : "are inoculations available?",
        "userDefined" : false
      }
    ],
    "isTemplate" : false,
    "count" : 0,
    "updated" : 0
  },
  {
    "id" : "ac2f8bf6-fee5-477b-8e72-3432a79c2a2d",
    "data" : [
      {
        "text" : "are they researching vaccines?",
        "userDefined" : false
      }
    ],
    "isTemplate" : false,
    "count" : 0,
    "updated" : 0
  },
  {
    "id" : "8f6093c4-2c2b-4ca8-8093-af2cc0d57540",
    "data" : [
      {
        "text" : "are they working on vaccines?",
        "userDefined" : false
      }
    ],
    "isTemplate" : false,
    "count" : 0,
    "updated" : 0
  },
  {
    "id" : "9874ad83-57ab-4131-99fe-b44c19992c7a",
    "data" : [
      {
        "text" : "can covid be cured?",
        "userDefined" : false
      }
    ],
    "isTemplate" : false,
    "count" : 0,
    "updated" : 0
  },
  {
    "id" : "c585ed6e-6e54-40e0-8eb1-c4f374eccf3c",
    "data" : [
      {
        "text" : "can i be vaccinated?",
        "userDefined" : false
      }
    ],
    "isTemplate" : false,
    "count" : 0,
    "updated" : 0
  },
  {
    "id" : "46748b11-2918-42ca-9ddc-3b59afd7f2a4",
    "data" : [
      {
        "text" : "can inoculation protect you from coronavirus?",
        "userDefined" : false
      }
    ],
    "isTemplate" : false,
    "count" : 0,
    "updated" : 0
  },
  {
    "id" : "97794b23-ca7e-463a-a3cd-16c0264d9eae",
    "data" : [
      {
        "text" : "can researching make a vaccine?",
        "userDefined" : false
      }
    ],
    "isTemplate" : false,
    "count" : 0,
    "updated" : 0
  },
  {
    "id" : "aa93a40d-f7be-401a-927f-7349a448cfcc",
    "data" : [
      {
        "text" : "can vaccines protect you from corona?",
        "userDefined" : false
      }
    ],
    "isTemplate" : false,
    "count" : 0,
    "updated" : 0
  },
  {
    "id" : "b4e13746-8dfa-4d2a-886a-6f0aa164f2f6",
    "data" : [
      {
        "text" : "can you be inoculated against the virus?",
        "userDefined" : false
      }
    ],
    "isTemplate" : false,
    "count" : 0,
    "updated" : 0
  },
  {
    "id" : "7f784a51-3d8e-40ab-8080-829d8506b6a6",
    "data" : [
      {
        "text" : "can you be inoculated?",
        "userDefined" : false
      }
    ],
    "isTemplate" : false,
    "count" : 0,
    "updated" : 0
  },
  {
    "id" : "ef565460-bf44-40ff-bf61-10d5b5f31c4a",
    "data" : [
      {
        "text" : "can you be vaccinated to protect you from covid-19?",
        "userDefined" : false
      }
    ],
    "isTemplate" : false,
    "count" : 0,
    "updated" : 0
  },
  {
    "id" : "e04e8515-90fc-42ce-b4a7-5ad1b81422a9",
    "data" : [
      {
        "text" : "can you be vaccinated?",
        "userDefined" : false
      }
    ],
    "isTemplate" : false,
    "count" : 0,
    "updated" : 0
  },
  {
    "id" : "993df284-18ac-4067-92c9-8df6bdf7531d",
    "data" : [
      {
        "text" : "can you get vaccinated?",
        "userDefined" : false
      }
    ],
    "isTemplate" : false,
    "count" : 0,
    "updated" : 0
  },
  {
    "id" : "fccec958-c899-4913-9cba-de3991c957d7",
    "data" : [
      {
        "text" : "how can i be vaccinated?",
        "userDefined" : false
      }
    ],
    "isTemplate" : false,
    "count" : 0,
    "updated" : 0
  },
  {
    "id" : "45ea5ee7-1cf0-4971-bd32-31b9f84c0b16",
    "data" : [
      {
        "text" : "how does vaccine research work",
        "userDefined" : false
      }
    ],
    "isTemplate" : false,
    "count" : 0,
    "updated" : 0
  },
  {
    "id" : "9712d02b-c7dd-4bd5-bb9f-674e53c71dac",
    "data" : [
      {
        "text" : "how long will it take to develop a vaccine?",
        "userDefined" : false
      }
    ],
    "isTemplate" : false,
    "count" : 0,
    "updated" : 0
  },
  {
    "id" : "04845eb2-2081-4350-9109-224aaa1b5a6f",
    "data" : [
      {
        "text" : "how long will it take to develop inoculation?",
        "userDefined" : false
      }
    ],
    "isTemplate" : false,
    "count" : 0,
    "updated" : 0
  },
  {
    "id" : "3e4689bd-6df3-4a77-b019-7d2ce6877df3",
    "data" : [
      {
        "text" : "how long will it take to research a vaccine?",
        "userDefined" : false
      }
    ],
    "isTemplate" : false,
    "count" : 0,
    "updated" : 0
  },
  {
    "id" : "ec6362bf-fbc9-4082-ad97-c713416be341",
    "data" : [
      {
        "text" : "is a vaccine being developed?",
        "userDefined" : false
      }
    ],
    "isTemplate" : false,
    "count" : 0,
    "updated" : 0
  },
  {
    "id" : "378defdf-4d48-48c0-84ca-7387c4f2e0a6",
    "data" : [
      {
        "text" : "is there a cure?",
        "userDefined" : false
      }
    ],
    "isTemplate" : false,
    "count" : 0,
    "updated" : 0
  },
  {
    "id" : "15e1dc0c-dc7a-4f3c-9533-a939b39af9a3",
    "data" : [
      {
        "text" : "is there a vaccine against coronavirus?",
        "userDefined" : false
      }
    ],
    "isTemplate" : false,
    "count" : 0,
    "updated" : 0
  },
  {
    "id" : "1c9328b5-15a8-4d4f-9656-eb8465bb02f4",
    "data" : [
      {
        "text" : "is there si cure for covid-19?",
        "userDefined" : false
      }
    ],
    "isTemplate" : false,
    "count" : 0,
    "updated" : 0
  },
  {
    "id" : "028cd2de-b038-4e1f-94b5-dabf0269e91d",
    "data" : [
      {
        "text" : "what does herd immunity mean?",
        "userDefined" : false
      }
    ],
    "isTemplate" : false,
    "count" : 0,
    "updated" : 0
  },
  {
    "id" : "b33a52fc-21f6-4c7e-8e35-8571b6a09af0",
    "data" : [
      {
        "text" : "what is herd immunity?",
        "userDefined" : false
      }
    ],
    "isTemplate" : false,
    "count" : 0,
    "updated" : 0
  },
  {
    "id" : "953a0689-2d84-4e03-8b57-0f1be0464039",
    "data" : [
      {
        "text" : "what is inoculation?",
        "userDefined" : false
      }
    ],
    "isTemplate" : false,
    "count" : 0,
    "updated" : 0
  },
  {
    "id" : "8cc2a428-e8d1-4df6-9eb6-8d26c4c5b63b",
    "data" : [
      {
        "text" : "when can we expected a vaccine?",
        "userDefined" : false
      }
    ],
    "isTemplate" : false,
    "count" : 0,
    "updated" : 0
  },
  {
    "id" : "a57fafa0-122c-40f6-a07d-68699b16a900",
    "data" : [
      {
        "text" : "when will inoculations be available?",
        "userDefined" : false
      }
    ],
    "isTemplate" : false,
    "count" : 0,
    "updated" : 0
  }
]