[
  {
    "id" : "b334e550-07dd-48ca-922b-975b3c6aafcd",
    "data" : [
      {
        "text" : "can soap help keep the virus off my hands?",
        "userDefined" : false
      }
    ],
    "isTemplate" : false,
    "count" : 0,
    "updated" : 0
  },
  {
    "id" : "8aa77048-982a-4ecb-8ee3-32a93c87ccaa",
    "data" : [
      {
        "text" : "can soap help with corona virus?",
        "userDefined" : false
      }
    ],
    "isTemplate" : false,
    "count" : 0,
    "updated" : 0
  },
  {
    "id" : "a6b5a2d5-6f64-4542-ac37-42b375bc4bb5",
    "data" : [
      {
        "text" : "do i need to use hand sanitiser?",
        "userDefined" : false
      }
    ],
    "isTemplate" : false,
    "count" : 0,
    "updated" : 0
  },
  {
    "id" : "3a971630-3e11-446c-834e-2e6a59781352",
    "data" : [
      {
        "text" : "how does hand-sanitiser work?",
        "userDefined" : false
      }
    ],
    "isTemplate" : false,
    "count" : 0,
    "updated" : 0
  },
  {
    "id" : "024c17b2-33ee-43e4-b7ca-a4a0aeb23529",
    "data" : [
      {
        "text" : "how does soap help keep the virus away?",
        "userDefined" : false
      }
    ],
    "isTemplate" : false,
    "count" : 0,
    "updated" : 0
  },
  {
    "id" : "09fe0fb0-c466-49ab-8ee4-b9a593e26856",
    "data" : [
      {
        "text" : "how long should i hand-wash for?",
        "userDefined" : false
      }
    ],
    "isTemplate" : false,
    "count" : 0,
    "updated" : 0
  },
  {
    "id" : "4374489d-e14f-4fa5-885b-f33edfbc60c7",
    "data" : [
      {
        "text" : "how often should i wash my hands",
        "userDefined" : false
      }
    ],
    "isTemplate" : false,
    "count" : 0,
    "updated" : 0
  },
  {
    "id" : "01cdceff-1df3-4748-892a-64b346ada0e9",
    "data" : [
      {
        "text" : "how should i wash my hands",
        "userDefined" : false
      }
    ],
    "isTemplate" : false,
    "count" : 0,
    "updated" : 0
  },
  {
    "id" : "7ccd019a-e49b-4b59-af4e-0483cece9840",
    "data" : [
      {
        "text" : "should i use soap or hand sanitiser?",
        "userDefined" : false
      }
    ],
    "isTemplate" : false,
    "count" : 0,
    "updated" : 0
  },
  {
    "id" : "30c6b19d-3e46-490a-9b77-5eb632950f89",
    "data" : [
      {
        "text" : "what amount of alcohol is needed in hand gel?",
        "userDefined" : false
      }
    ],
    "isTemplate" : false,
    "count" : 0,
    "updated" : 0
  },
  {
    "id" : "b5290cd1-1b2d-47e3-b849-6cde75e4bf0e",
    "data" : [
      {
        "text" : "what are good methods for handwashing?",
        "userDefined" : false
      }
    ],
    "isTemplate" : false,
    "count" : 0,
    "updated" : 0
  },
  {
    "id" : "0d5dd6a5-9bbe-4766-b027-1110df74d4bc",
    "data" : [
      {
        "text" : "what are the handwashing techniques",
        "userDefined" : false
      }
    ],
    "isTemplate" : false,
    "count" : 0,
    "updated" : 0
  },
  {
    "id" : "a15091c4-fa40-4251-89e9-7a68985e53aa",
    "data" : [
      {
        "text" : "what are the hand-washing techniques?",
        "userDefined" : false
      }
    ],
    "isTemplate" : false,
    "count" : 0,
    "updated" : 0
  },
  {
    "id" : "0d3940af-04ba-4ebb-b1f6-3a0c36501cec",
    "data" : [
      {
        "text" : "what are the instructions for hand-washing",
        "userDefined" : false
      }
    ],
    "isTemplate" : false,
    "count" : 0,
    "updated" : 0
  },
  {
    "id" : "37ffe86f-7d71-45aa-bf11-d7b144e7eb53",
    "data" : [
      {
        "text" : "what are the techniques for hand washing?",
        "userDefined" : false
      }
    ],
    "isTemplate" : false,
    "count" : 0,
    "updated" : 0
  },
  {
    "id" : "14053c7a-f99d-4ac5-b8d0-8c4465719069",
    "data" : [
      {
        "text" : "what is important about hand-washing?",
        "userDefined" : false
      }
    ],
    "isTemplate" : false,
    "count" : 0,
    "updated" : 0
  },
  {
    "id" : "77eddfe8-ea5a-422f-ac32-98d14c7ed07a",
    "data" : [
      {
        "text" : "what is the guidance for handwashing",
        "userDefined" : false
      }
    ],
    "isTemplate" : false,
    "count" : 0,
    "updated" : 0
  },
  {
    "id" : "0825a83b-aa8c-41d7-bec1-dd37867b56ad",
    "data" : [
      {
        "text" : "what strength percentage of alcohol is required for hand gel to work?",
        "userDefined" : false
      }
    ],
    "isTemplate" : false,
    "count" : 0,
    "updated" : 0
  },
  {
    "id" : "e814df20-e6d5-43a5-a0de-a300248f7286",
    "data" : [
      {
        "text" : "when should i wash my hands",
        "userDefined" : false
      }
    ],
    "isTemplate" : false,
    "count" : 0,
    "updated" : 0
  },
  {
    "id" : "0cc6bdbd-8e96-489e-8415-e1694fbb4621",
    "data" : [
      {
        "text" : "why do i need to use soap?",
        "userDefined" : false
      }
    ],
    "isTemplate" : false,
    "count" : 0,
    "updated" : 0
  },
  {
    "id" : "cf64e4c1-0c0a-4ef1-82d1-a48481937040",
    "data" : [
      {
        "text" : "why do i need to wash my hands",
        "userDefined" : false
      }
    ],
    "isTemplate" : false,
    "count" : 0,
    "updated" : 0
  },
  {
    "id" : "0e7ded5b-df62-4c0b-8d9a-e7bdab821463",
    "data" : [
      {
        "text" : "why does soap help with containing covid 19?",
        "userDefined" : false
      }
    ],
    "isTemplate" : false,
    "count" : 0,
    "updated" : 0
  }
]