[
  {
    "id" : "91cc8dd6-1eab-4d5a-ba0d-4ecbf705f7a3",
    "data" : [
      {
        "text" : "are the symptoms like influenza?",
        "userDefined" : false
      }
    ],
    "isTemplate" : false,
    "count" : 0,
    "updated" : 0
  },
  {
    "id" : "fc1897a9-bd3e-4164-ae1c-5518b969fd80",
    "data" : [
      {
        "text" : "how does corona virus compare with a flu outbreak?",
        "userDefined" : false
      }
    ],
    "isTemplate" : false,
    "count" : 0,
    "updated" : 0
  },
  {
    "id" : "05ea4411-b666-481a-9761-6887a425869d",
    "data" : [
      {
        "text" : "how does covid-19 compare with influenza?",
        "userDefined" : false
      }
    ],
    "isTemplate" : false,
    "count" : 0,
    "updated" : 0
  },
  {
    "id" : "10ed143b-db76-4aec-a839-e7e90e728eae",
    "data" : [
      {
        "text" : "how does it compare to a cold?",
        "userDefined" : false
      }
    ],
    "isTemplate" : false,
    "count" : 0,
    "updated" : 0
  },
  {
    "id" : "126de870-1122-48cd-a4d4-767a17e57a7e",
    "data" : [
      {
        "text" : "how is corona different from the flu?",
        "userDefined" : false
      }
    ],
    "isTemplate" : false,
    "count" : 0,
    "updated" : 0
  },
  {
    "id" : "42b0efd4-8da2-40c7-b8cc-7c239efa2fe4",
    "data" : [
      {
        "text" : "how is covid-19 different from the flu",
        "userDefined" : false
      }
    ],
    "isTemplate" : false,
    "count" : 0,
    "updated" : 0
  },
  {
    "id" : "87ee70e9-16ca-4ff2-b3b7-9e00426f8f0a",
    "data" : [
      {
        "text" : "how is this different from the flu",
        "userDefined" : false
      }
    ],
    "isTemplate" : false,
    "count" : 0,
    "updated" : 0
  },
  {
    "id" : "130e6836-c322-4dbb-a510-f4d3a0784160",
    "data" : [
      {
        "text" : "is corona a flu?",
        "userDefined" : false
      }
    ],
    "isTemplate" : false,
    "count" : 0,
    "updated" : 0
  },
  {
    "id" : "a8f14755-f85d-4c9c-92a1-5f8d0cae5f9f",
    "data" : [
      {
        "text" : "is corona the same as swine flu?",
        "userDefined" : false
      }
    ],
    "isTemplate" : false,
    "count" : 0,
    "updated" : 0
  },
  {
    "id" : "2f365003-f1b7-40f5-9cd1-b0b8be90b74c",
    "data" : [
      {
        "text" : "is coronavirus just a bad cold?",
        "userDefined" : false
      }
    ],
    "isTemplate" : false,
    "count" : 0,
    "updated" : 0
  },
  {
    "id" : "33f94a00-8e7b-4f54-bc0a-a12164caef7c",
    "data" : [
      {
        "text" : "is coronavirus like influenza?",
        "userDefined" : false
      }
    ],
    "isTemplate" : false,
    "count" : 0,
    "updated" : 0
  },
  {
    "id" : "93ea967b-be02-44a4-9f3c-e7dd49ba4c91",
    "data" : [
      {
        "text" : "is covid a kind of influenza?",
        "userDefined" : false
      }
    ],
    "isTemplate" : false,
    "count" : 0,
    "updated" : 0
  },
  {
    "id" : "ccc31103-df9a-4f75-92fd-be5df95dce90",
    "data" : [
      {
        "text" : "is covid19 a kind of influenza?",
        "userDefined" : false
      }
    ],
    "isTemplate" : false,
    "count" : 0,
    "updated" : 0
  },
  {
    "id" : "4f1d5430-7007-46fe-af4d-fd12b7635f3e",
    "data" : [
      {
        "text" : "is covid-19 like swine flu?",
        "userDefined" : false
      }
    ],
    "isTemplate" : false,
    "count" : 0,
    "updated" : 0
  },
  {
    "id" : "bb53d815-a776-43d3-8dd2-cd1ff7afd884",
    "data" : [
      {
        "text" : "is it like a cold",
        "userDefined" : false
      }
    ],
    "isTemplate" : false,
    "count" : 0,
    "updated" : 0
  },
  {
    "id" : "c5e40de0-6387-48db-bd61-77c1934351f0",
    "data" : [
      {
        "text" : "is the virus a kind of influenza?",
        "userDefined" : false
      }
    ],
    "isTemplate" : false,
    "count" : 0,
    "updated" : 0
  },
  {
    "id" : "0f3a9277-8e6b-4190-90e7-ada8dcee113b",
    "data" : [
      {
        "text" : "is this caused by h1n1?",
        "userDefined" : false
      }
    ],
    "isTemplate" : false,
    "count" : 0,
    "updated" : 0
  },
  {
    "id" : "6c884c85-366b-4cec-909d-4dd3bbfbce19",
    "data" : [
      {
        "text" : "is this like the h1n1 outbreak?",
        "userDefined" : false
      }
    ],
    "isTemplate" : false,
    "count" : 0,
    "updated" : 0
  },
  {
    "id" : "706dde7f-ec77-4d66-a34e-c22917a48d18",
    "data" : [
      {
        "text" : "is this like the spanish flu?",
        "userDefined" : false
      }
    ],
    "isTemplate" : false,
    "count" : 0,
    "updated" : 0
  },
  {
    "id" : "76ac2875-9cd4-434d-bbdc-7418598538d5",
    "data" : [
      {
        "text" : "is this similar to h1n1?",
        "userDefined" : false
      }
    ],
    "isTemplate" : false,
    "count" : 0,
    "updated" : 0
  },
  {
    "id" : "ebad1c9a-ecb1-4c16-b48e-3e4bb446632c",
    "data" : [
      {
        "text" : "is this similar to swine flu?",
        "userDefined" : false
      }
    ],
    "isTemplate" : false,
    "count" : 0,
    "updated" : 0
  },
  {
    "id" : "13add683-5954-4f49-8f1a-e84136f8f92a",
    "data" : [
      {
        "text" : "isn't it just a cold?",
        "userDefined" : false
      }
    ],
    "isTemplate" : false,
    "count" : 0,
    "updated" : 0
  },
  {
    "id" : "481fde1e-5434-4fe9-9e7a-9d5c674111bf",
    "data" : [
      {
        "text" : "isn't it just a really bad cold?",
        "userDefined" : false
      }
    ],
    "isTemplate" : false,
    "count" : 0,
    "updated" : 0
  }
]