[
  {
    "id" : "d7956734-c0d3-4206-8e5b-613f6f5a690a",
    "data" : [
      {
        "text" : "can a mask protect me?",
        "userDefined" : false
      }
    ],
    "isTemplate" : false,
    "count" : 0,
    "updated" : 0
  },
  {
    "id" : "ee2a2e79-84ac-43ff-9c89-bdb6d98442ed",
    "data" : [
      {
        "text" : "can covering my face protect me?",
        "userDefined" : false
      }
    ],
    "isTemplate" : false,
    "count" : 0,
    "updated" : 0
  },
  {
    "id" : "41bf1877-2971-4ece-982b-f003ce546a4a",
    "data" : [
      {
        "text" : "do i need to cover my face?",
        "userDefined" : false
      }
    ],
    "isTemplate" : false,
    "count" : 0,
    "updated" : 0
  },
  {
    "id" : "2982c653-d4cd-4736-bf5c-40366649fd4f",
    "data" : [
      {
        "text" : "do i need to start covering my face?",
        "userDefined" : false
      }
    ],
    "isTemplate" : false,
    "count" : 0,
    "updated" : 0
  },
  {
    "id" : "969de239-e67a-4996-a6af-38448d1fd5e8",
    "data" : [
      {
        "text" : "do mask help?",
        "userDefined" : false
      }
    ],
    "isTemplate" : false,
    "count" : 0,
    "updated" : 0
  },
  {
    "id" : "9f9d1638-285c-4671-b3ff-74800de93551",
    "data" : [
      {
        "text" : "do masks help stop the spread?",
        "userDefined" : false
      }
    ],
    "isTemplate" : false,
    "count" : 0,
    "updated" : 0
  },
  {
    "id" : "37953562-0218-4d86-8c2f-9071e8400af8",
    "data" : [
      {
        "text" : "do masks help to stop covid 19?",
        "userDefined" : false
      }
    ],
    "isTemplate" : false,
    "count" : 0,
    "updated" : 0
  },
  {
    "id" : "11956c82-c9ec-4b1a-a4bf-1bf411ac14c1",
    "data" : [
      {
        "text" : "do masks help to stop the spread of corona?",
        "userDefined" : false
      }
    ],
    "isTemplate" : false,
    "count" : 0,
    "updated" : 0
  },
  {
    "id" : "dd6347d6-e6ba-4f23-9191-ecf26f250d5d",
    "data" : [
      {
        "text" : "how can a mask help?",
        "userDefined" : false
      }
    ],
    "isTemplate" : false,
    "count" : 0,
    "updated" : 0
  },
  {
    "id" : "8b71670a-62f0-4ab3-9974-7a2697175fdd",
    "data" : [
      {
        "text" : "should i cover my face with a mask?",
        "userDefined" : false
      }
    ],
    "isTemplate" : false,
    "count" : 0,
    "updated" : 0
  },
  {
    "id" : "96294155-6924-4849-aed8-44289cadf99b",
    "data" : [
      {
        "text" : "should i cover my face?",
        "userDefined" : false
      }
    ],
    "isTemplate" : false,
    "count" : 0,
    "updated" : 0
  },
  {
    "id" : "c4b17f7e-9a14-4d18-ba5b-75559f7e2953",
    "data" : [
      {
        "text" : "what is the right kind of mask to use?",
        "userDefined" : false
      }
    ],
    "isTemplate" : false,
    "count" : 0,
    "updated" : 0
  },
  {
    "id" : "ef77593e-4c70-4e1a-be40-f1a448c6ac17",
    "data" : [
      {
        "text" : "what kind of mask should i use?",
        "userDefined" : false
      }
    ],
    "isTemplate" : false,
    "count" : 0,
    "updated" : 0
  },
  {
    "id" : "b81d303f-315d-4efe-82b0-6278d871b88d",
    "data" : [
      {
        "text" : "what type of face-mask do i need?",
        "userDefined" : false
      }
    ],
    "isTemplate" : false,
    "count" : 0,
    "updated" : 0
  },
  {
    "id" : "5f3b894e-986a-4110-837f-b5374456c9e9",
    "data" : [
      {
        "text" : "what type of mask should i use?",
        "userDefined" : false
      }
    ],
    "isTemplate" : false,
    "count" : 0,
    "updated" : 0
  },
  {
    "id" : "64b45250-c454-4c8c-9b8d-00d9ff87c756",
    "data" : [
      {
        "text" : "who needs to use face masks?",
        "userDefined" : false
      }
    ],
    "isTemplate" : false,
    "count" : 0,
    "updated" : 0
  },
  {
    "id" : "fa2c6c26-3287-4f14-83ed-8889df625fd9",
    "data" : [
      {
        "text" : "why are people using face masks?",
        "userDefined" : false
      }
    ],
    "isTemplate" : false,
    "count" : 0,
    "updated" : 0
  },
  {
    "id" : "ae272509-d99a-4fe5-b9c4-f98b9a7357b2",
    "data" : [
      {
        "text" : "why is everyone wearing face-masks?",
        "userDefined" : false
      }
    ],
    "isTemplate" : false,
    "count" : 0,
    "updated" : 0
  },
  {
    "id" : "4e4fc282-a771-4c33-8dda-1491713111b4",
    "data" : [
      {
        "text" : "will a mask protect me from the virus",
        "userDefined" : false
      }
    ],
    "isTemplate" : false,
    "count" : 0,
    "updated" : 0
  },
  {
    "id" : "ae2a7518-b927-4363-a459-1e75a885908d",
    "data" : [
      {
        "text" : "will it help to cover my face?",
        "userDefined" : false
      }
    ],
    "isTemplate" : false,
    "count" : 0,
    "updated" : 0
  }
]