[
  {
    "id" : "e65ba14e-c5d1-4f39-b878-89233f6e5956",
    "data" : [
      {
        "text" : "can i go for a walk?",
        "userDefined" : false
      }
    ],
    "isTemplate" : false,
    "count" : 0,
    "updated" : 0
  },
  {
    "id" : "232e9ca2-cb2c-4703-91c2-e149b6155601",
    "data" : [
      {
        "text" : "can i still go outside?",
        "userDefined" : false
      }
    ],
    "isTemplate" : false,
    "count" : 0,
    "updated" : 0
  },
  {
    "id" : "14ede7a5-6722-413c-8f93-2d6ea2a1e922",
    "data" : [
      {
        "text" : "can i walk somewhere?",
        "userDefined" : false
      }
    ],
    "isTemplate" : false,
    "count" : 0,
    "updated" : 0
  },
  {
    "id" : "ffaddfff-8185-4fa0-ab1d-b367133dcbbe",
    "data" : [
      {
        "text" : "do i have to avoid people?",
        "userDefined" : false
      }
    ],
    "isTemplate" : false,
    "count" : 0,
    "updated" : 0
  },
  {
    "id" : "4e3eef7e-a4d3-4065-bae3-2df11bee23da",
    "data" : [
      {
        "text" : "do i have to stay away from people?",
        "userDefined" : false
      }
    ],
    "isTemplate" : false,
    "count" : 0,
    "updated" : 0
  },
  {
    "id" : "1934415b-f109-4ecf-a809-27a3d5ef94c7",
    "data" : [
      {
        "text" : "do i have to stay inside?",
        "userDefined" : false
      }
    ],
    "isTemplate" : false,
    "count" : 0,
    "updated" : 0
  },
  {
    "id" : "6966a55f-eb60-422d-9420-61c0500d63a6",
    "data" : [
      {
        "text" : "for how long do i need to stay at home?",
        "userDefined" : false
      }
    ],
    "isTemplate" : false,
    "count" : 0,
    "updated" : 0
  },
  {
    "id" : "43dd1802-5daa-4280-bbb6-cd8aabcc1714",
    "data" : [
      {
        "text" : "for what reasons can i still go outside?",
        "userDefined" : false
      }
    ],
    "isTemplate" : false,
    "count" : 0,
    "updated" : 0
  },
  {
    "id" : "7e6c3a7b-b4ad-42e4-8b57-efafe75a7bbf",
    "data" : [
      {
        "text" : "for what reasons can i still travel?",
        "userDefined" : false
      }
    ],
    "isTemplate" : false,
    "count" : 0,
    "updated" : 0
  },
  {
    "id" : "86d67cfa-18f2-4b2f-a544-616f7d771e77",
    "data" : [
      {
        "text" : "how do i self isolate",
        "userDefined" : false
      }
    ],
    "isTemplate" : false,
    "count" : 0,
    "updated" : 0
  },
  {
    "id" : "edc4419a-758e-4691-ac8b-feba10e7d819",
    "data" : [
      {
        "text" : "how do i socially distance",
        "userDefined" : false
      }
    ],
    "isTemplate" : false,
    "count" : 0,
    "updated" : 0
  },
  {
    "id" : "6d4b2c1b-945d-409a-8452-845a9ab1d8ea",
    "data" : [
      {
        "text" : "how does quarantine work?",
        "userDefined" : false
      }
    ],
    "isTemplate" : false,
    "count" : 0,
    "updated" : 0
  },
  {
    "id" : "e83baf17-ae87-4304-bbe9-453e2f40f93c",
    "data" : [
      {
        "text" : "how long do i have to self-isolate for?",
        "userDefined" : false
      }
    ],
    "isTemplate" : false,
    "count" : 0,
    "updated" : 0
  },
  {
    "id" : "0448868f-b397-4d2b-88b5-5ee4da2e8651",
    "data" : [
      {
        "text" : "how long do i have to stay inside",
        "userDefined" : false
      }
    ],
    "isTemplate" : false,
    "count" : 0,
    "updated" : 0
  },
  {
    "id" : "ff97c717-9297-4b64-b613-5e13a6792290",
    "data" : [
      {
        "text" : "should i stay away from people?",
        "userDefined" : false
      }
    ],
    "isTemplate" : false,
    "count" : 0,
    "updated" : 0
  },
  {
    "id" : "75b6a787-ce51-41ed-b331-11dc241962f8",
    "data" : [
      {
        "text" : "what amount of time do i have to self-isolate for?",
        "userDefined" : false
      }
    ],
    "isTemplate" : false,
    "count" : 0,
    "updated" : 0
  },
  {
    "id" : "c3c5d762-d2d3-4d6e-9bb3-acbcd35d383d",
    "data" : [
      {
        "text" : "what are the guidelines for social-distancing",
        "userDefined" : false
      }
    ],
    "isTemplate" : false,
    "count" : 0,
    "updated" : 0
  },
  {
    "id" : "609268c2-805a-4a55-a63f-45aa14df276d",
    "data" : [
      {
        "text" : "what do i have to self-isolate for?",
        "userDefined" : false
      }
    ],
    "isTemplate" : false,
    "count" : 0,
    "updated" : 0
  },
  {
    "id" : "48635b72-741c-4e18-b302-fdefa95197cd",
    "data" : [
      {
        "text" : "what if i want to go for a walk",
        "userDefined" : false
      }
    ],
    "isTemplate" : false,
    "count" : 0,
    "updated" : 0
  },
  {
    "id" : "89ad71a1-1726-4677-95d1-8b92134a23b1",
    "data" : [
      {
        "text" : "what is essential travel?",
        "userDefined" : false
      }
    ],
    "isTemplate" : false,
    "count" : 0,
    "updated" : 0
  },
  {
    "id" : "e6891944-42d2-40a8-97ad-dc0424d7ce49",
    "data" : [
      {
        "text" : "what is quarantine?",
        "userDefined" : false
      }
    ],
    "isTemplate" : false,
    "count" : 0,
    "updated" : 0
  },
  {
    "id" : "a9c1b8d9-1ade-40e3-9bcc-3a26118fa000",
    "data" : [
      {
        "text" : "what is self-isolation",
        "userDefined" : false
      }
    ],
    "isTemplate" : false,
    "count" : 0,
    "updated" : 0
  },
  {
    "id" : "5b109326-20df-446f-9742-f27f431aa8fc",
    "data" : [
      {
        "text" : "what is social distancing",
        "userDefined" : false
      }
    ],
    "isTemplate" : false,
    "count" : 0,
    "updated" : 0
  },
  {
    "id" : "31684d9a-a31d-4a67-826d-a4bc274116a7",
    "data" : [
      {
        "text" : "when should i stay in isolation?",
        "userDefined" : false
      }
    ],
    "isTemplate" : false,
    "count" : 0,
    "updated" : 0
  },
  {
    "id" : "569918cc-a002-498e-a879-131f711365cb",
    "data" : [
      {
        "text" : "who doesn't need to stay at home?",
        "userDefined" : false
      }
    ],
    "isTemplate" : false,
    "count" : 0,
    "updated" : 0
  },
  {
    "id" : "039e9e00-ce65-4fbb-b98a-0937a84b8cd5",
    "data" : [
      {
        "text" : "who needs to stay at home?",
        "userDefined" : false
      }
    ],
    "isTemplate" : false,
    "count" : 0,
    "updated" : 0
  },
  {
    "id" : "fdae8b7d-260e-49f9-9c4e-6b29a4502777",
    "data" : [
      {
        "text" : "why do i have to stay inside?",
        "userDefined" : false
      }
    ],
    "isTemplate" : false,
    "count" : 0,
    "updated" : 0
  },
  {
    "id" : "b7a8106b-cd5e-4359-a9d1-a1d0383530a6",
    "data" : [
      {
        "text" : "why does social distancing help?",
        "userDefined" : false
      }
    ],
    "isTemplate" : false,
    "count" : 0,
    "updated" : 0
  },
  {
    "id" : "3c00ec48-fbe0-4272-9c28-9499ac793c5a",
    "data" : [
      {
        "text" : "why should i isolate",
        "userDefined" : false
      }
    ],
    "isTemplate" : false,
    "count" : 0,
    "updated" : 0
  }
]