[
  {
    "id" : "6ded14ca-0f57-4c09-a1d0-b28e79eefc54",
    "data" : [
      {
        "text" : "are there a lot of cases right now?",
        "userDefined" : false
      }
    ],
    "isTemplate" : false,
    "count" : 0,
    "updated" : 0
  },
  {
    "id" : "b04e8dd0-cbe4-4812-a574-ac37d8a441d5",
    "data" : [
      {
        "text" : "does the country have a lot of cases?",
        "userDefined" : false
      }
    ],
    "isTemplate" : false,
    "count" : 0,
    "updated" : 0
  },
  {
    "id" : "e46b9554-b6d1-4f0c-8098-720b7e697e8b",
    "data" : [
      {
        "text" : "does the have a lot of cases?",
        "userDefined" : false
      }
    ],
    "isTemplate" : false,
    "count" : 0,
    "updated" : 0
  },
  {
    "id" : "c432cdea-aa93-4453-a819-35f4bc1b5cdb",
    "data" : [
      {
        "text" : "have many people died due to covid-19?",
        "userDefined" : false
      }
    ],
    "isTemplate" : false,
    "count" : 0,
    "updated" : 0
  },
  {
    "id" : "27dbfc3c-6e47-4cf2-941f-f17e1416f34a",
    "data" : [
      {
        "text" : "how many cases have there been",
        "userDefined" : false
      }
    ],
    "isTemplate" : false,
    "count" : 0,
    "updated" : 0
  },
  {
    "id" : "dac90a6f-42ae-41fd-b709-b6d6a4f68f50",
    "data" : [
      {
        "text" : "how many cases of corona infection have there been?",
        "userDefined" : false
      }
    ],
    "isTemplate" : false,
    "count" : 0,
    "updated" : 0
  },
  {
    "id" : "46225b0b-1c4a-4429-8216-204bda8c59ac",
    "data" : [
      {
        "text" : "how many deaths have there been?",
        "userDefined" : false
      }
    ],
    "isTemplate" : false,
    "count" : 0,
    "updated" : 0
  },
  {
    "id" : "cfddfea8-3793-44c8-80e1-16f11725a16f",
    "data" : [
      {
        "text" : "how many fatalities have there been?",
        "userDefined" : false
      }
    ],
    "isTemplate" : false,
    "count" : 0,
    "updated" : 0
  },
  {
    "id" : "8eb048e8-755d-4872-85d6-67ae553f31a2",
    "data" : [
      {
        "text" : "how many have died due to coronavirus",
        "userDefined" : false
      }
    ],
    "isTemplate" : false,
    "count" : 0,
    "updated" : 0
  },
  {
    "id" : "ea785536-326a-4bcc-a31f-3644423ef426",
    "data" : [
      {
        "text" : "how many have tested positive?",
        "userDefined" : false
      }
    ],
    "isTemplate" : false,
    "count" : 0,
    "updated" : 0
  },
  {
    "id" : "2554b09f-eaaa-49e8-9eb6-0dec4c2fdb9a",
    "data" : [
      {
        "text" : "how many people have been infected",
        "userDefined" : false
      }
    ],
    "isTemplate" : false,
    "count" : 0,
    "updated" : 0
  },
  {
    "id" : "fd5d0da7-df54-4e70-b03a-fb4d7805815c",
    "data" : [
      {
        "text" : "how many people have tested positive",
        "userDefined" : false
      }
    ],
    "isTemplate" : false,
    "count" : 0,
    "updated" : 0
  },
  {
    "id" : "d1858760-a4da-4b23-8002-62977aa4f876",
    "data" : [
      {
        "text" : "number of cases",
        "userDefined" : false
      }
    ],
    "isTemplate" : false,
    "count" : 0,
    "updated" : 0
  },
  {
    "id" : "bcdbb169-b49f-4d00-a475-83fdc8f6721a",
    "data" : [
      {
        "text" : "what is the fatality number?",
        "userDefined" : false
      }
    ],
    "isTemplate" : false,
    "count" : 0,
    "updated" : 0
  },
  {
    "id" : "033c5ace-0b67-4505-986f-e77383fec969",
    "data" : [
      {
        "text" : "what is the fatality rate?",
        "userDefined" : false
      }
    ],
    "isTemplate" : false,
    "count" : 0,
    "updated" : 0
  },
  {
    "id" : "f06e4d61-549a-4134-b266-f87e6a0cf75d",
    "data" : [
      {
        "text" : "what is the number of cases",
        "userDefined" : false
      }
    ],
    "isTemplate" : false,
    "count" : 0,
    "updated" : 0
  },
  {
    "id" : "d6438e2c-750b-4b7b-9b4c-d16b32165314",
    "data" : [
      {
        "text" : "what is the number of deaths",
        "userDefined" : false
      }
    ],
    "isTemplate" : false,
    "count" : 0,
    "updated" : 0
  },
  {
    "id" : "4d3a578c-36f4-48b8-8933-32fd272e31ae",
    "data" : [
      {
        "text" : "what is the number of fatalities?",
        "userDefined" : false
      }
    ],
    "isTemplate" : false,
    "count" : 0,
    "updated" : 0
  },
  {
    "id" : "01c0ab2c-66c2-46ed-b8fd-cc6a3f5afb9c",
    "data" : [
      {
        "text" : "what is the number of infections?",
        "userDefined" : false
      }
    ],
    "isTemplate" : false,
    "count" : 0,
    "updated" : 0
  },
  {
    "id" : "1b820234-7224-434f-86f6-c8e4f9986254",
    "data" : [
      {
        "text" : "what number have tested positive?",
        "userDefined" : false
      }
    ],
    "isTemplate" : false,
    "count" : 0,
    "updated" : 0
  },
  {
    "id" : "cbf5dcd4-66ba-430f-b3d0-a7affe9d4462",
    "data" : [
      {
        "text" : "what number of people have been infected?",
        "userDefined" : false
      }
    ],
    "isTemplate" : false,
    "count" : 0,
    "updated" : 0
  },
  {
    "id" : "5a8f5b94-4c4c-4b08-ac21-29057aab09ab",
    "data" : [
      {
        "text" : "what number of people have tested positive?",
        "userDefined" : false
      }
    ],
    "isTemplate" : false,
    "count" : 0,
    "updated" : 0
  }
]