[
  {
    "id" : "e1426e86-0efa-4e7e-b084-be7da1834685",
    "data" : [
      {
        "text" : "how did it start?",
        "userDefined" : false
      }
    ],
    "isTemplate" : false,
    "count" : 0,
    "updated" : 0
  },
  {
    "id" : "5afcfe20-361e-46c3-be2d-ef35ae02bf78",
    "data" : [
      {
        "text" : "how did the covid outbreak start?",
        "userDefined" : false
      }
    ],
    "isTemplate" : false,
    "count" : 0,
    "updated" : 0
  },
  {
    "id" : "bb1c0f5c-036a-46a6-a0d1-cc5aa56d985d",
    "data" : [
      {
        "text" : "how did the outbreak start?",
        "userDefined" : false
      }
    ],
    "isTemplate" : false,
    "count" : 0,
    "updated" : 0
  },
  {
    "id" : "5ecf612d-3f42-4d85-bae1-7c6a92941954",
    "data" : [
      {
        "text" : "what caused corona virus?",
        "userDefined" : false
      }
    ],
    "isTemplate" : false,
    "count" : 0,
    "updated" : 0
  },
  {
    "id" : "b6250dd9-91be-4eb0-b103-d4a4b5ceb919",
    "data" : [
      {
        "text" : "what caused covid-19",
        "userDefined" : false
      }
    ],
    "isTemplate" : false,
    "count" : 0,
    "updated" : 0
  },
  {
    "id" : "5bac3cfd-3e2b-4687-b3ee-9878dec2bc5a",
    "data" : [
      {
        "text" : "what caused covid-19 to happen?",
        "userDefined" : false
      }
    ],
    "isTemplate" : false,
    "count" : 0,
    "updated" : 0
  },
  {
    "id" : "5274eca6-a218-47d8-9512-1f3f0071e389",
    "data" : [
      {
        "text" : "what caused the corona outbreak?",
        "userDefined" : false
      }
    ],
    "isTemplate" : false,
    "count" : 0,
    "updated" : 0
  },
  {
    "id" : "269bee20-92a8-4d0c-b13a-e23ac373478a",
    "data" : [
      {
        "text" : "when did it start?",
        "userDefined" : false
      }
    ],
    "isTemplate" : false,
    "count" : 0,
    "updated" : 0
  },
  {
    "id" : "a5f2b25f-affb-4839-9ef5-77c0d1350301",
    "data" : [
      {
        "text" : "when did the outbreak start?",
        "userDefined" : false
      }
    ],
    "isTemplate" : false,
    "count" : 0,
    "updated" : 0
  },
  {
    "id" : "d75ec586-fbc6-4753-af46-b1e5e02f1423",
    "data" : [
      {
        "text" : "when was corona virus detected?",
        "userDefined" : false
      }
    ],
    "isTemplate" : false,
    "count" : 0,
    "updated" : 0
  },
  {
    "id" : "e2922442-362c-4f41-bb17-345892d89b4c",
    "data" : [
      {
        "text" : "when was coronavirus identified?",
        "userDefined" : false
      }
    ],
    "isTemplate" : false,
    "count" : 0,
    "updated" : 0
  },
  {
    "id" : "b71d334a-b627-44de-9483-2e7c541c5b5d",
    "data" : [
      {
        "text" : "when was it detected?",
        "userDefined" : false
      }
    ],
    "isTemplate" : false,
    "count" : 0,
    "updated" : 0
  },
  {
    "id" : "e19ca047-77f3-485d-af0b-2126ac48959b",
    "data" : [
      {
        "text" : "where did it come from?",
        "userDefined" : false
      }
    ],
    "isTemplate" : false,
    "count" : 0,
    "updated" : 0
  },
  {
    "id" : "582bb903-89aa-4d5a-833e-42e37396fa9a",
    "data" : [
      {
        "text" : "where did the coronavirus come from?",
        "userDefined" : false
      }
    ],
    "isTemplate" : false,
    "count" : 0,
    "updated" : 0
  },
  {
    "id" : "6a0b7d20-950e-4baf-b750-615a8e850a94",
    "data" : [
      {
        "text" : "where was the virus first detected?",
        "userDefined" : false
      }
    ],
    "isTemplate" : false,
    "count" : 0,
    "updated" : 0
  },
  {
    "id" : "50ad83d5-f2ba-4a61-8470-acfe04645741",
    "data" : [
      {
        "text" : "why did corona happen?",
        "userDefined" : false
      }
    ],
    "isTemplate" : false,
    "count" : 0,
    "updated" : 0
  },
  {
    "id" : "c02043d5-6807-49f8-b64b-49c318ac57b2",
    "data" : [
      {
        "text" : "why did this happen?",
        "userDefined" : false
      }
    ],
    "isTemplate" : false,
    "count" : 0,
    "updated" : 0
  }
]