[
  {
    "id" : "94696c3c-6632-45c1-92e8-f7dffbdb4d94",
    "data" : [
      {
        "text" : "can coronavirus spread by coughing?",
        "userDefined" : false
      }
    ],
    "isTemplate" : false,
    "count" : 0,
    "updated" : 0
  },
  {
    "id" : "0767defd-c7d9-46bb-b920-c195668fec68",
    "data" : [
      {
        "text" : "can coronavirus survive on skin?",
        "userDefined" : false
      }
    ],
    "isTemplate" : false,
    "count" : 0,
    "updated" : 0
  },
  {
    "id" : "d9161deb-3458-4341-9033-318d74ab94a8",
    "data" : [
      {
        "text" : "can covid get into my eyes?",
        "userDefined" : false
      }
    ],
    "isTemplate" : false,
    "count" : 0,
    "updated" : 0
  },
  {
    "id" : "e909da76-ad32-47ea-95f8-aa3231c675d9",
    "data" : [
      {
        "text" : "can sneezing spread coronavirus?",
        "userDefined" : false
      }
    ],
    "isTemplate" : false,
    "count" : 0,
    "updated" : 0
  },
  {
    "id" : "45c8d2e4-707e-483b-8cd0-d92230df6d60",
    "data" : [
      {
        "text" : "can you catch corona from an unclean surface?",
        "userDefined" : false
      }
    ],
    "isTemplate" : false,
    "count" : 0,
    "updated" : 0
  },
  {
    "id" : "1c6fdda5-c4f2-467a-a1e4-a758c39a763b",
    "data" : [
      {
        "text" : "can you catch coronavirus from another person?",
        "userDefined" : false
      }
    ],
    "isTemplate" : false,
    "count" : 0,
    "updated" : 0
  },
  {
    "id" : "b15a259f-7b20-4159-a5a9-024c47a59d30",
    "data" : [
      {
        "text" : "can you catch the virus from dirty surfaces?",
        "userDefined" : false
      }
    ],
    "isTemplate" : false,
    "count" : 0,
    "updated" : 0
  },
  {
    "id" : "f1a36853-4195-4980-8a0c-65234a1318d6",
    "data" : [
      {
        "text" : "could i pass corona virus onto someone else?",
        "userDefined" : false
      }
    ],
    "isTemplate" : false,
    "count" : 0,
    "updated" : 0
  },
  {
    "id" : "562d10cb-c263-404f-90f6-2f745ed16901",
    "data" : [
      {
        "text" : "does coughing spread corona?",
        "userDefined" : false
      }
    ],
    "isTemplate" : false,
    "count" : 0,
    "updated" : 0
  },
  {
    "id" : "ec33c8ab-1a1d-4c54-b926-23c1955da63e",
    "data" : [
      {
        "text" : "does coughing spread covid-19?",
        "userDefined" : false
      }
    ],
    "isTemplate" : false,
    "count" : 0,
    "updated" : 0
  },
  {
    "id" : "ed28d9d8-7cf4-496c-bacb-64fdb6c35f01",
    "data" : [
      {
        "text" : "how can i help stop covid 19 from becoming even more widespread?",
        "userDefined" : false
      }
    ],
    "isTemplate" : false,
    "count" : 0,
    "updated" : 0
  },
  {
    "id" : "620f1100-6647-47ac-b444-e402d9225969",
    "data" : [
      {
        "text" : "how can i protect myself from catching the disease?",
        "userDefined" : false
      }
    ],
    "isTemplate" : false,
    "count" : 0,
    "updated" : 0
  },
  {
    "id" : "e6efad73-a920-41ec-84e5-8b19c73ea779",
    "data" : [
      {
        "text" : "how can i protect myself from catching this illness?",
        "userDefined" : false
      }
    ],
    "isTemplate" : false,
    "count" : 0,
    "updated" : 0
  },
  {
    "id" : "64d50cab-d988-4d1d-b3fe-4c9e6ca9d327",
    "data" : [
      {
        "text" : "how can i protect myself?",
        "userDefined" : false
      }
    ],
    "isTemplate" : false,
    "count" : 0,
    "updated" : 0
  },
  {
    "id" : "a1df9e24-4ca9-4bb6-a994-dd390d85214f",
    "data" : [
      {
        "text" : "how contagious is it?",
        "userDefined" : false
      }
    ],
    "isTemplate" : false,
    "count" : 0,
    "updated" : 0
  },
  {
    "id" : "ba14dd82-fc55-4445-9afb-92e629b2f0fa",
    "data" : [
      {
        "text" : "how did corona become so widespread?",
        "userDefined" : false
      }
    ],
    "isTemplate" : false,
    "count" : 0,
    "updated" : 0
  },
  {
    "id" : "a9d656c0-6f38-4f69-b546-4a8fd424fe2a",
    "data" : [
      {
        "text" : "how did corona virus become so widespread?",
        "userDefined" : false
      }
    ],
    "isTemplate" : false,
    "count" : 0,
    "updated" : 0
  },
  {
    "id" : "5e12a0d0-6839-4547-ba20-fec59bc5aff5",
    "data" : [
      {
        "text" : "how did covid spread?",
        "userDefined" : false
      }
    ],
    "isTemplate" : false,
    "count" : 0,
    "updated" : 0
  },
  {
    "id" : "c79754c5-cb51-4087-84cb-dc905a00d9b7",
    "data" : [
      {
        "text" : "how did it become so widespread?",
        "userDefined" : false
      }
    ],
    "isTemplate" : false,
    "count" : 0,
    "updated" : 0
  },
  {
    "id" : "20869d09-94ee-4a39-9306-a4faec887365",
    "data" : [
      {
        "text" : "how do i catch corona?",
        "userDefined" : false
      }
    ],
    "isTemplate" : false,
    "count" : 0,
    "updated" : 0
  },
  {
    "id" : "590fea4f-11c9-4aa2-b807-bd42fdf796e3",
    "data" : [
      {
        "text" : "how do viruses become widespread?",
        "userDefined" : false
      }
    ],
    "isTemplate" : false,
    "count" : 0,
    "updated" : 0
  },
  {
    "id" : "ca7b191a-e51e-4f30-b889-0dcc6ddaf632",
    "data" : [
      {
        "text" : "how do we stop people getting coronavirus?",
        "userDefined" : false
      }
    ],
    "isTemplate" : false,
    "count" : 0,
    "updated" : 0
  },
  {
    "id" : "e714c393-3f54-4bba-932b-fb38fcd32dee",
    "data" : [
      {
        "text" : "how do we stop people getting it?",
        "userDefined" : false
      }
    ],
    "isTemplate" : false,
    "count" : 0,
    "updated" : 0
  },
  {
    "id" : "f040583e-3e12-4851-aa39-bd224f693676",
    "data" : [
      {
        "text" : "how do we stop people getting sick?",
        "userDefined" : false
      }
    ],
    "isTemplate" : false,
    "count" : 0,
    "updated" : 0
  },
  {
    "id" : "2d7a9477-aa94-4ad1-a5d6-cc7c3319adbb",
    "data" : [
      {
        "text" : "how do you catch coronavirus",
        "userDefined" : false
      }
    ],
    "isTemplate" : false,
    "count" : 0,
    "updated" : 0
  },
  {
    "id" : "6e4e4bdb-cfe5-4c4d-b95c-9b405f1da2b2",
    "data" : [
      {
        "text" : "how do you catch it?",
        "userDefined" : false
      }
    ],
    "isTemplate" : false,
    "count" : 0,
    "updated" : 0
  },
  {
    "id" : "5256a873-dee9-47e2-8ff2-38a7149df252",
    "data" : [
      {
        "text" : "how does covid pass from person to person?",
        "userDefined" : false
      }
    ],
    "isTemplate" : false,
    "count" : 0,
    "updated" : 0
  },
  {
    "id" : "262efad9-df67-4302-80af-e8716bb0f863",
    "data" : [
      {
        "text" : "how does covid spread from person to person?",
        "userDefined" : false
      }
    ],
    "isTemplate" : false,
    "count" : 0,
    "updated" : 0
  },
  {
    "id" : "7d177e2f-b287-40f3-b635-009997c98572",
    "data" : [
      {
        "text" : "how does covid-19 spread between between?",
        "userDefined" : false
      }
    ],
    "isTemplate" : false,
    "count" : 0,
    "updated" : 0
  },
  {
    "id" : "0dc3be23-54ad-43b3-bd8d-276d201f7e2b",
    "data" : [
      {
        "text" : "how does covid-19 spread from one person to another?",
        "userDefined" : false
      }
    ],
    "isTemplate" : false,
    "count" : 0,
    "updated" : 0
  },
  {
    "id" : "10a4ea71-5d83-46cf-b368-6e42ac21454b",
    "data" : [
      {
        "text" : "how does covid-19 spread?",
        "userDefined" : false
      }
    ],
    "isTemplate" : false,
    "count" : 0,
    "updated" : 0
  },
  {
    "id" : "429db2fc-d57b-4095-9024-10f34f263d05",
    "data" : [
      {
        "text" : "how does the corona virus spread?",
        "userDefined" : false
      }
    ],
    "isTemplate" : false,
    "count" : 0,
    "updated" : 0
  },
  {
    "id" : "3089391f-35e7-4bb5-b81f-da87ff9eec0d",
    "data" : [
      {
        "text" : "how does the virus spread",
        "userDefined" : false
      }
    ],
    "isTemplate" : false,
    "count" : 0,
    "updated" : 0
  },
  {
    "id" : "06c4605a-4f1c-47f0-8627-85c51ec3660f",
    "data" : [
      {
        "text" : "how long can the virus remain on surfaces?",
        "userDefined" : false
      }
    ],
    "isTemplate" : false,
    "count" : 0,
    "updated" : 0
  },
  {
    "id" : "b53ad9ed-eb8a-4bf7-96b2-7b4a8888886e",
    "data" : [
      {
        "text" : "how long does coronavirus stay on surfaces?",
        "userDefined" : false
      }
    ],
    "isTemplate" : false,
    "count" : 0,
    "updated" : 0
  },
  {
    "id" : "81557db4-7ec6-4897-b282-c3782bcbe865",
    "data" : [
      {
        "text" : "how long does it stay on skin?",
        "userDefined" : false
      }
    ],
    "isTemplate" : false,
    "count" : 0,
    "updated" : 0
  },
  {
    "id" : "918c5716-bac1-403d-9d41-a3f13f7696a3",
    "data" : [
      {
        "text" : "how long does the virus stay on your hands face?",
        "userDefined" : false
      }
    ],
    "isTemplate" : false,
    "count" : 0,
    "updated" : 0
  },
  {
    "id" : "fc290652-fb58-4916-9eb4-f590506ce0e9",
    "data" : [
      {
        "text" : "how long does the virus stay on your hands?",
        "userDefined" : false
      }
    ],
    "isTemplate" : false,
    "count" : 0,
    "updated" : 0
  },
  {
    "id" : "0cefebfa-cfd7-4b83-9d40-29bdd1383788",
    "data" : [
      {
        "text" : "how would i catch the virus from someone else?",
        "userDefined" : false
      }
    ],
    "isTemplate" : false,
    "count" : 0,
    "updated" : 0
  },
  {
    "id" : "65763678-09ab-4de0-8fc9-f3945874581f",
    "data" : [
      {
        "text" : "i to avoid getting covid, what should i do?",
        "userDefined" : false
      }
    ],
    "isTemplate" : false,
    "count" : 0,
    "updated" : 0
  },
  {
    "id" : "c9b041ac-ba2d-4077-aac1-1e2021e33516",
    "data" : [
      {
        "text" : "if it's so contagious, how can we help stop the spread?",
        "userDefined" : false
      }
    ],
    "isTemplate" : false,
    "count" : 0,
    "updated" : 0
  },
  {
    "id" : "0e432fd3-1a76-4ee7-a901-7f1970818fb6",
    "data" : [
      {
        "text" : "is corona contagious?",
        "userDefined" : false
      }
    ],
    "isTemplate" : false,
    "count" : 0,
    "updated" : 0
  },
  {
    "id" : "5086aab2-f495-43fb-9ed6-85e02cd73e08",
    "data" : [
      {
        "text" : "is corona virus contagious?",
        "userDefined" : false
      }
    ],
    "isTemplate" : false,
    "count" : 0,
    "updated" : 0
  },
  {
    "id" : "d413f1d5-b24b-45e7-9ee2-479230ac7513",
    "data" : [
      {
        "text" : "is it very contagious?",
        "userDefined" : false
      }
    ],
    "isTemplate" : false,
    "count" : 0,
    "updated" : 0
  },
  {
    "id" : "ecec832e-04d7-44f1-a3a0-5defefa872e7",
    "data" : [
      {
        "text" : "what should i do to avoid getting coronavirus?",
        "userDefined" : false
      }
    ],
    "isTemplate" : false,
    "count" : 0,
    "updated" : 0
  },
  {
    "id" : "7856b8ed-2fc1-4811-b76c-1c911657ccb9",
    "data" : [
      {
        "text" : "what should i do to protect myself from catching covid19?",
        "userDefined" : false
      }
    ],
    "isTemplate" : false,
    "count" : 0,
    "updated" : 0
  },
  {
    "id" : "b9eb7ac1-88e6-44d6-93a0-e2e41fc83c5f",
    "data" : [
      {
        "text" : "what should i do to protect myself?",
        "userDefined" : false
      }
    ],
    "isTemplate" : false,
    "count" : 0,
    "updated" : 0
  },
  {
    "id" : "2c99fbd2-af17-4b28-aa13-ead5fd09c6eb",
    "data" : [
      {
        "text" : "what things can i do to protect myself?",
        "userDefined" : false
      }
    ],
    "isTemplate" : false,
    "count" : 0,
    "updated" : 0
  },
  {
    "id" : "a6a2cadf-2e92-4348-b378-23806e181fe6",
    "data" : [
      {
        "text" : "why can't i touch my face with my hands?",
        "userDefined" : false
      }
    ],
    "isTemplate" : false,
    "count" : 0,
    "updated" : 0
  },
  {
    "id" : "711ae178-4cc4-435c-b30b-dad31e64d645",
    "data" : [
      {
        "text" : "why do viruses become widespread?",
        "userDefined" : false
      }
    ],
    "isTemplate" : false,
    "count" : 0,
    "updated" : 0
  },
  {
    "id" : "310605f1-5918-4f24-b98d-22588a8cc491",
    "data" : [
      {
        "text" : "why do you have to clean surfaces?",
        "userDefined" : false
      }
    ],
    "isTemplate" : false,
    "count" : 0,
    "updated" : 0
  },
  {
    "id" : "8dcc6744-5d63-4664-bfb7-1100824b922c",
    "data" : [
      {
        "text" : "why is covid-19 so contagious?",
        "userDefined" : false
      }
    ],
    "isTemplate" : false,
    "count" : 0,
    "updated" : 0
  },
  {
    "id" : "964e2094-76e5-4576-97aa-f75b7d64fbb1",
    "data" : [
      {
        "text" : "why is skin-on-skin contact to be avoided?",
        "userDefined" : false
      }
    ],
    "isTemplate" : false,
    "count" : 0,
    "updated" : 0
  },
  {
    "id" : "a7cc1424-6996-4762-a6e9-d13de4faccac",
    "data" : [
      {
        "text" : "why shouldn't i touch my eyes?",
        "userDefined" : false
      }
    ],
    "isTemplate" : false,
    "count" : 0,
    "updated" : 0
  },
  {
    "id" : "128ef96b-d287-4149-9766-bdbb4f72eb89",
    "data" : [
      {
        "text" : "why shouldn't i touch my face?",
        "userDefined" : false
      }
    ],
    "isTemplate" : false,
    "count" : 0,
    "updated" : 0
  }
]