[
  {
    "id" : "8a4e86e5-07af-4b19-bf4d-9f626599da11",
    "data" : [
      {
        "text" : "can we prevent spikes in the infection rate?",
        "userDefined" : false
      }
    ],
    "isTemplate" : false,
    "count" : 0,
    "updated" : 0
  },
  {
    "id" : "1fe968e1-49fb-4bfc-bb66-a4f2b15f49b5",
    "data" : [
      {
        "text" : "can we reduce the number of cases?",
        "userDefined" : false
      }
    ],
    "isTemplate" : false,
    "count" : 0,
    "updated" : 0
  },
  {
    "id" : "908247e5-72fc-4427-9c92-7159627d2ba0",
    "data" : [
      {
        "text" : "how do we flatten the curve",
        "userDefined" : false
      }
    ],
    "isTemplate" : false,
    "count" : 0,
    "updated" : 0
  },
  {
    "id" : "d0ab101f-88c1-4d0d-a70d-91a5e8c6f76f",
    "data" : [
      {
        "text" : "how do we prevent spikes in the number of infected people?",
        "userDefined" : false
      }
    ],
    "isTemplate" : false,
    "count" : 0,
    "updated" : 0
  },
  {
    "id" : "0f6a8ca8-eec0-4738-8ea3-4457af346a9c",
    "data" : [
      {
        "text" : "how do we reduce the number of cases?",
        "userDefined" : false
      }
    ],
    "isTemplate" : false,
    "count" : 0,
    "updated" : 0
  },
  {
    "id" : "787e18e5-9b7a-4fd8-be19-f94783497d4f",
    "data" : [
      {
        "text" : "how does health care capacity relate to the curve?",
        "userDefined" : false
      }
    ],
    "isTemplate" : false,
    "count" : 0,
    "updated" : 0
  },
  {
    "id" : "446c45e7-e3b8-433b-b9db-dd9f673dbff1",
    "data" : [
      {
        "text" : "how does healthcare capacity relate to the curve",
        "userDefined" : false
      }
    ],
    "isTemplate" : false,
    "count" : 0,
    "updated" : 0
  },
  {
    "id" : "0ae74ad1-a9a2-44c1-96a8-b05fac301338",
    "data" : [
      {
        "text" : "how fast can it spread?",
        "userDefined" : false
      }
    ],
    "isTemplate" : false,
    "count" : 0,
    "updated" : 0
  },
  {
    "id" : "4e048ead-9d62-4f14-b6f6-ac1ec0827fa6",
    "data" : [
      {
        "text" : "how fast is covid-19 spreading?",
        "userDefined" : false
      }
    ],
    "isTemplate" : false,
    "count" : 0,
    "updated" : 0
  },
  {
    "id" : "3c4382d8-00a2-4e5a-8959-c8a86babfe8a",
    "data" : [
      {
        "text" : "how quickly can it spread?",
        "userDefined" : false
      }
    ],
    "isTemplate" : false,
    "count" : 0,
    "updated" : 0
  },
  {
    "id" : "e5fb60ee-cffd-4c60-b9e5-5651d769342a",
    "data" : [
      {
        "text" : "how quickly could corona virus spread?",
        "userDefined" : false
      }
    ],
    "isTemplate" : false,
    "count" : 0,
    "updated" : 0
  },
  {
    "id" : "44d11354-24cf-4de9-aa11-bb2864b70779",
    "data" : [
      {
        "text" : "how quickly is it spreading?",
        "userDefined" : false
      }
    ],
    "isTemplate" : false,
    "count" : 0,
    "updated" : 0
  },
  {
    "id" : "e9f62d48-c771-4339-9111-6ea83f4e7d54",
    "data" : [
      {
        "text" : "how quickly will it spread?",
        "userDefined" : false
      }
    ],
    "isTemplate" : false,
    "count" : 0,
    "updated" : 0
  },
  {
    "id" : "581d0e11-55d1-4e2c-aa8c-9cf9ab58bbd0",
    "data" : [
      {
        "text" : "reducing the frequency of cases",
        "userDefined" : false
      }
    ],
    "isTemplate" : false,
    "count" : 0,
    "updated" : 0
  },
  {
    "id" : "b35d87a0-f5d9-4f52-8021-d4d5507b9b80",
    "data" : [
      {
        "text" : "slow the rate of infection",
        "userDefined" : false
      }
    ],
    "isTemplate" : false,
    "count" : 0,
    "updated" : 0
  },
  {
    "id" : "f049914b-8f17-4405-83c1-033acd9fcbdc",
    "data" : [
      {
        "text" : "what are spikes",
        "userDefined" : false
      }
    ],
    "isTemplate" : false,
    "count" : 0,
    "updated" : 0
  },
  {
    "id" : "3740fac6-bfa9-4011-8f07-177f1adc7c61",
    "data" : [
      {
        "text" : "what does a spike in cases look like?",
        "userDefined" : false
      }
    ],
    "isTemplate" : false,
    "count" : 0,
    "updated" : 0
  },
  {
    "id" : "9978727b-ceba-4840-b735-93a582a75581",
    "data" : [
      {
        "text" : "what does it mean the flatten the curve",
        "userDefined" : false
      }
    ],
    "isTemplate" : false,
    "count" : 0,
    "updated" : 0
  },
  {
    "id" : "3cb706f8-f167-4459-a3b9-2afe5bf10e1b",
    "data" : [
      {
        "text" : "what happens when there's a surge in cases?",
        "userDefined" : false
      }
    ],
    "isTemplate" : false,
    "count" : 0,
    "updated" : 0
  },
  {
    "id" : "14cc6b4e-b186-44ab-8b42-31ab67008435",
    "data" : [
      {
        "text" : "what happens when you reduce the number of cases?",
        "userDefined" : false
      }
    ],
    "isTemplate" : false,
    "count" : 0,
    "updated" : 0
  },
  {
    "id" : "2e4c048c-61c5-4ab4-9300-61d77132d908",
    "data" : [
      {
        "text" : "what is a fast spread?",
        "userDefined" : false
      }
    ],
    "isTemplate" : false,
    "count" : 0,
    "updated" : 0
  },
  {
    "id" : "2e28251f-a827-4819-8aa2-84f417248d8a",
    "data" : [
      {
        "text" : "what is a slow spread?",
        "userDefined" : false
      }
    ],
    "isTemplate" : false,
    "count" : 0,
    "updated" : 0
  },
  {
    "id" : "3f316969-d294-4aed-a204-61594a6b8917",
    "data" : [
      {
        "text" : "what is flattening the curve",
        "userDefined" : false
      }
    ],
    "isTemplate" : false,
    "count" : 0,
    "updated" : 0
  },
  {
    "id" : "b036e795-166b-4329-821a-ba31a0c06733",
    "data" : [
      {
        "text" : "what is healthcare system capacity",
        "userDefined" : false
      }
    ],
    "isTemplate" : false,
    "count" : 0,
    "updated" : 0
  },
  {
    "id" : "f4d24431-81b9-4ce3-8bba-1a9712d23c82",
    "data" : [
      {
        "text" : "what is infection rate",
        "userDefined" : false
      }
    ],
    "isTemplate" : false,
    "count" : 0,
    "updated" : 0
  },
  {
    "id" : "9d56fcb5-3f7d-40d0-81ef-83b84218bd12",
    "data" : [
      {
        "text" : "what is the curve of cases",
        "userDefined" : false
      }
    ],
    "isTemplate" : false,
    "count" : 0,
    "updated" : 0
  },
  {
    "id" : "74f6c0e5-3e76-417f-a761-34ca5ce97539",
    "data" : [
      {
        "text" : "what is the difference between a fast spread and a slow spread?",
        "userDefined" : false
      }
    ],
    "isTemplate" : false,
    "count" : 0,
    "updated" : 0
  },
  {
    "id" : "b0e31a4e-eea1-4ccb-a0b0-c1309abe23a2",
    "data" : [
      {
        "text" : "what is the difference between and fast and slow pandemic?",
        "userDefined" : false
      }
    ],
    "isTemplate" : false,
    "count" : 0,
    "updated" : 0
  },
  {
    "id" : "51847a4d-a522-49f4-a86b-d93d32a7cfe1",
    "data" : [
      {
        "text" : "when do spikes in infection rate occur?",
        "userDefined" : false
      }
    ],
    "isTemplate" : false,
    "count" : 0,
    "updated" : 0
  },
  {
    "id" : "f6909cdf-8a00-424c-85b6-4017b8151733",
    "data" : [
      {
        "text" : "why are there spikes in the frequency of cases",
        "userDefined" : false
      }
    ],
    "isTemplate" : false,
    "count" : 0,
    "updated" : 0
  },
  {
    "id" : "e7cf1df5-a6b0-469c-a7ac-f0b8dd8f98f7",
    "data" : [
      {
        "text" : "why do infections suddenly spike",
        "userDefined" : false
      }
    ],
    "isTemplate" : false,
    "count" : 0,
    "updated" : 0
  },
  {
    "id" : "f37e1e81-b2d3-4b41-b814-8c76951e5a00",
    "data" : [
      {
        "text" : "why do you need to slow the infection",
        "userDefined" : false
      }
    ],
    "isTemplate" : false,
    "count" : 0,
    "updated" : 0
  }
]