[
  {
    "id" : "8926db28-7ad8-47e1-9130-4f7464b863d5",
    "data" : [
      {
        "text" : "am i more vulnerable if i have cancer?",
        "userDefined" : false
      }
    ],
    "isTemplate" : false,
    "count" : 0,
    "updated" : 0
  },
  {
    "id" : "7e782928-67c3-41fe-8dfe-17120ec4eecb",
    "data" : [
      {
        "text" : "are children at risk of coronavirus?",
        "userDefined" : false
      }
    ],
    "isTemplate" : false,
    "count" : 0,
    "updated" : 0
  },
  {
    "id" : "dd479e40-267f-4661-8acc-ee8771ba6729",
    "data" : [
      {
        "text" : "are children vulnerable to corona virus?",
        "userDefined" : false
      }
    ],
    "isTemplate" : false,
    "count" : 0,
    "updated" : 0
  },
  {
    "id" : "37869731-08e8-4822-b36c-96041c80b4e6",
    "data" : [
      {
        "text" : "are my dogs at risk?",
        "userDefined" : false
      }
    ],
    "isTemplate" : false,
    "count" : 0,
    "updated" : 0
  },
  {
    "id" : "c63bbe06-b62b-4445-a1a0-8e7c2f2b2a7f",
    "data" : [
      {
        "text" : "can cats get the virus?",
        "userDefined" : false
      }
    ],
    "isTemplate" : false,
    "count" : 0,
    "updated" : 0
  },
  {
    "id" : "ece4c6db-cdbf-40bc-b3fc-729a98babcbb",
    "data" : [
      {
        "text" : "can children get coronavirus?",
        "userDefined" : false
      }
    ],
    "isTemplate" : false,
    "count" : 0,
    "updated" : 0
  },
  {
    "id" : "663f7e84-bd7c-4041-988b-87a972750aea",
    "data" : [
      {
        "text" : "can children get it?",
        "userDefined" : false
      }
    ],
    "isTemplate" : false,
    "count" : 0,
    "updated" : 0
  },
  {
    "id" : "66c728c0-faa7-4dcc-aef8-1e8b08b053de",
    "data" : [
      {
        "text" : "can dogs get the virus?",
        "userDefined" : false
      }
    ],
    "isTemplate" : false,
    "count" : 0,
    "updated" : 0
  },
  {
    "id" : "0fd503a0-0f5b-461e-b91a-748075f703b2",
    "data" : [
      {
        "text" : "can my baby get coronavirus?",
        "userDefined" : false
      }
    ],
    "isTemplate" : false,
    "count" : 0,
    "updated" : 0
  },
  {
    "id" : "e5750f13-1a43-444c-8b4f-7759a1aa1c8a",
    "data" : [
      {
        "text" : "can my cat get it?",
        "userDefined" : false
      }
    ],
    "isTemplate" : false,
    "count" : 0,
    "updated" : 0
  },
  {
    "id" : "fa3f9f53-0293-415e-8a75-14a544570f08",
    "data" : [
      {
        "text" : "can pets get the virus?",
        "userDefined" : false
      }
    ],
    "isTemplate" : false,
    "count" : 0,
    "updated" : 0
  },
  {
    "id" : "5c07e3c7-1047-4098-b967-41dda0c45e3b",
    "data" : [
      {
        "text" : "can your age affect the severity of the illness?",
        "userDefined" : false
      }
    ],
    "isTemplate" : false,
    "count" : 0,
    "updated" : 0
  },
  {
    "id" : "4a28b8bc-db2d-491b-9c7b-a198935c226a",
    "data" : [
      {
        "text" : "can your age affect the severity?",
        "userDefined" : false
      }
    ],
    "isTemplate" : false,
    "count" : 0,
    "updated" : 0
  },
  {
    "id" : "e414b025-e82c-4968-802d-7a9e305eb75c",
    "data" : [
      {
        "text" : "does my age matter?",
        "userDefined" : false
      }
    ],
    "isTemplate" : false,
    "count" : 0,
    "updated" : 0
  },
  {
    "id" : "511e1ae9-0dce-4c62-bb49-aebbf198b92b",
    "data" : [
      {
        "text" : "does respiratory disease increase my risk?",
        "userDefined" : false
      }
    ],
    "isTemplate" : false,
    "count" : 0,
    "updated" : 0
  },
  {
    "id" : "84d5dc3f-c067-437e-9a1d-0230e7d1db26",
    "data" : [
      {
        "text" : "how many years old are those at risk?",
        "userDefined" : false
      }
    ],
    "isTemplate" : false,
    "count" : 0,
    "updated" : 0
  },
  {
    "id" : "1196eca1-ae4c-47d9-8548-472cd6c6b7e7",
    "data" : [
      {
        "text" : "how old are those likely to have a severe reaction?",
        "userDefined" : false
      }
    ],
    "isTemplate" : false,
    "count" : 0,
    "updated" : 0
  },
  {
    "id" : "5601a424-a1e0-4f9a-92b2-1c0cb87bddf6",
    "data" : [
      {
        "text" : "how what age group is most at risk?",
        "userDefined" : false
      }
    ],
    "isTemplate" : false,
    "count" : 0,
    "updated" : 0
  },
  {
    "id" : "51fe56d0-429a-4845-b3de-12d10015d102",
    "data" : [
      {
        "text" : "i am pregnant, am i at a higher risk?",
        "userDefined" : false
      }
    ],
    "isTemplate" : false,
    "count" : 0,
    "updated" : 0
  },
  {
    "id" : "ef187cf4-3d9e-4c09-a5c9-d50b7e271b8c",
    "data" : [
      {
        "text" : "i am years old",
        "userDefined" : false
      }
    ],
    "isTemplate" : false,
    "count" : 0,
    "updated" : 0
  },
  {
    "id" : "f8d13c92-4d7b-4709-a3ee-3dda238cc0d2",
    "data" : [
      {
        "text" : "i am years old, am i at risk?",
        "userDefined" : false
      }
    ],
    "isTemplate" : false,
    "count" : 0,
    "updated" : 0
  },
  {
    "id" : "da0222c8-0c94-482b-a7ec-b42658b59b01",
    "data" : [
      {
        "text" : "i have asthma, am i more at risk?",
        "userDefined" : false
      }
    ],
    "isTemplate" : false,
    "count" : 0,
    "updated" : 0
  },
  {
    "id" : "8b678656-4bc5-4ec3-a86b-0537f47644df",
    "data" : [
      {
        "text" : "i'm concerned about my parents",
        "userDefined" : false
      }
    ],
    "isTemplate" : false,
    "count" : 0,
    "updated" : 0
  },
  {
    "id" : "67498481-26ff-46e4-b554-c796c1f8b947",
    "data" : [
      {
        "text" : "i'm pregnant, am i at a higher risk?",
        "userDefined" : false
      }
    ],
    "isTemplate" : false,
    "count" : 0,
    "updated" : 0
  },
  {
    "id" : "a29a663b-d2b2-4df5-803d-e7ee29c57079",
    "data" : [
      {
        "text" : "i'm worried about my grand parents",
        "userDefined" : false
      }
    ],
    "isTemplate" : false,
    "count" : 0,
    "updated" : 0
  },
  {
    "id" : "7879ce3d-2164-4252-b111-a0252509ce9f",
    "data" : [
      {
        "text" : "should i be worried about my parents?",
        "userDefined" : false
      }
    ],
    "isTemplate" : false,
    "count" : 0,
    "updated" : 0
  },
  {
    "id" : "8dc5ad09-ec1d-4c02-9e4a-be29f6d7a848",
    "data" : [
      {
        "text" : "should i be worried if i'm expecting?",
        "userDefined" : false
      }
    ],
    "isTemplate" : false,
    "count" : 0,
    "updated" : 0
  },
  {
    "id" : "17328c36-c87e-4a98-adc8-0184a52f245f",
    "data" : [
      {
        "text" : "what age group is most vulnerable?",
        "userDefined" : false
      }
    ],
    "isTemplate" : false,
    "count" : 0,
    "updated" : 0
  },
  {
    "id" : "d0851a3d-bf2f-42b4-86a7-9c45402c613a",
    "data" : [
      {
        "text" : "what age range is most at risk?",
        "userDefined" : false
      }
    ],
    "isTemplate" : false,
    "count" : 0,
    "updated" : 0
  },
  {
    "id" : "a17c2a78-72f5-43ff-9578-11cc723b94c1",
    "data" : [
      {
        "text" : "what are the high risk groups?",
        "userDefined" : false
      }
    ],
    "isTemplate" : false,
    "count" : 0,
    "updated" : 0
  },
  {
    "id" : "aced0594-723c-4c9b-930b-eb96327570fb",
    "data" : [
      {
        "text" : "what are ventilators for?",
        "userDefined" : false
      }
    ],
    "isTemplate" : false,
    "count" : 0,
    "updated" : 0
  },
  {
    "id" : "9329b6f1-4ae3-4f13-8861-6fa604657053",
    "data" : [
      {
        "text" : "what groups are vulnerable?",
        "userDefined" : false
      }
    ],
    "isTemplate" : false,
    "count" : 0,
    "updated" : 0
  },
  {
    "id" : "bd2e7e48-a7a3-427d-a9c4-246a83398668",
    "data" : [
      {
        "text" : "what if i'm high risk?",
        "userDefined" : false
      }
    ],
    "isTemplate" : false,
    "count" : 0,
    "updated" : 0
  },
  {
    "id" : "aa6617a5-ac3b-4c56-aaee-43ec5208a70c",
    "data" : [
      {
        "text" : "what if i'm years old?",
        "userDefined" : false
      }
    ],
    "isTemplate" : false,
    "count" : 0,
    "updated" : 0
  },
  {
    "id" : "894377e0-f904-4d79-9937-35814864c131",
    "data" : [
      {
        "text" : "what if someone is diabetic?",
        "userDefined" : false
      }
    ],
    "isTemplate" : false,
    "count" : 0,
    "updated" : 0
  },
  {
    "id" : "0310b4eb-a578-4b81-884e-2d3d7cc90bdb",
    "data" : [
      {
        "text" : "what people are most likely to experience severe symptoms?",
        "userDefined" : false
      }
    ],
    "isTemplate" : false,
    "count" : 0,
    "updated" : 0
  },
  {
    "id" : "d9d92c11-331d-4af6-860b-87859ca9e470",
    "data" : [
      {
        "text" : "who is most at risk of severe symptoms?",
        "userDefined" : false
      }
    ],
    "isTemplate" : false,
    "count" : 0,
    "updated" : 0
  },
  {
    "id" : "29c1453a-7715-4e22-bd47-c7b8d915d0f0",
    "data" : [
      {
        "text" : "who is most likely to need hospital treatment?",
        "userDefined" : false
      }
    ],
    "isTemplate" : false,
    "count" : 0,
    "updated" : 0
  },
  {
    "id" : "e30b2cf2-f5f1-406b-8e06-6740d940f733",
    "data" : [
      {
        "text" : "who is most likely to need to go to the hospital?",
        "userDefined" : false
      }
    ],
    "isTemplate" : false,
    "count" : 0,
    "updated" : 0
  },
  {
    "id" : "108aa3b1-3cf6-45c8-b7ca-2077291cdf0b",
    "data" : [
      {
        "text" : "who might need intensive care?",
        "userDefined" : false
      }
    ],
    "isTemplate" : false,
    "count" : 0,
    "updated" : 0
  },
  {
    "id" : "56017bed-d8e8-41c6-9d9e-bea812d5868b",
    "data" : [
      {
        "text" : "who might need ventilators?",
        "userDefined" : false
      }
    ],
    "isTemplate" : false,
    "count" : 0,
    "updated" : 0
  },
  {
    "id" : "4228550c-db21-4f09-9339-9beccaf2fd82",
    "data" : [
      {
        "text" : "who should avoid contact during the outbreak?",
        "userDefined" : false
      }
    ],
    "isTemplate" : false,
    "count" : 0,
    "updated" : 0
  },
  {
    "id" : "e37653ba-3521-4446-a134-7b29971d498b",
    "data" : [
      {
        "text" : "who should avoid contact?",
        "userDefined" : false
      }
    ],
    "isTemplate" : false,
    "count" : 0,
    "updated" : 0
  },
  {
    "id" : "cb1a2828-f68c-475e-8a5b-2b14cc944191",
    "data" : [
      {
        "text" : "who should i avoid contact with during the outbreak?",
        "userDefined" : false
      }
    ],
    "isTemplate" : false,
    "count" : 0,
    "updated" : 0
  },
  {
    "id" : "29be7d23-1b1f-47c1-a6cd-221c8ec8cab7",
    "data" : [
      {
        "text" : "why are older age people more at risk from this illness?",
        "userDefined" : false
      }
    ],
    "isTemplate" : false,
    "count" : 0,
    "updated" : 0
  },
  {
    "id" : "ed9b90c8-4cd9-4cf6-8d29-9f6f052ed914",
    "data" : [
      {
        "text" : "why are symptoms more severe depending on how old i am?",
        "userDefined" : false
      }
    ],
    "isTemplate" : false,
    "count" : 0,
    "updated" : 0
  },
  {
    "id" : "014bbab1-5399-4cac-8496-7b0a1fc958b1",
    "data" : [
      {
        "text" : "why are symptoms more severe in some people?",
        "userDefined" : false
      }
    ],
    "isTemplate" : false,
    "count" : 0,
    "updated" : 0
  },
  {
    "id" : "229ea13e-4ccb-43d7-bbb2-b28a49bb7bf7",
    "data" : [
      {
        "text" : "why do some people need intensive care?",
        "userDefined" : false
      }
    ],
    "isTemplate" : false,
    "count" : 0,
    "updated" : 0
  },
  {
    "id" : "8ead18bd-939d-4270-8d18-379f224d6966",
    "data" : [
      {
        "text" : "why do we need ventilators?",
        "userDefined" : false
      }
    ],
    "isTemplate" : false,
    "count" : 0,
    "updated" : 0
  },
  {
    "id" : "9c010c44-90fc-4a0d-88d6-2a753bc44e52",
    "data" : [
      {
        "text" : "why does age affect the severity?",
        "userDefined" : false
      }
    ],
    "isTemplate" : false,
    "count" : 0,
    "updated" : 0
  },
  {
    "id" : "b0d742f5-5df7-49fa-b0f7-3566fe8f234e",
    "data" : [
      {
        "text" : "why does my age matter?",
        "userDefined" : false
      }
    ],
    "isTemplate" : false,
    "count" : 0,
    "updated" : 0
  }
]