[
  {
    "id" : "3f40a421-dbcb-42e9-b426-60557caad4c0",
    "data" : [
      {
        "text" : "am i going to die?",
        "userDefined" : false
      }
    ],
    "isTemplate" : false,
    "count" : 0,
    "updated" : 0
  },
  {
    "id" : "c37aa14f-b97d-4ac7-9576-86e1c4050eac",
    "data" : [
      {
        "text" : "am i going to need hospital treatment?",
        "userDefined" : false
      }
    ],
    "isTemplate" : false,
    "count" : 0,
    "updated" : 0
  },
  {
    "id" : "421338bc-dfef-4b5d-8741-b8e6c4b57e8c",
    "data" : [
      {
        "text" : "are aches a symptom?",
        "userDefined" : false
      }
    ],
    "isTemplate" : false,
    "count" : 0,
    "updated" : 0
  },
  {
    "id" : "f8ad241d-f26a-4f03-84fb-5f423279a0ae",
    "data" : [
      {
        "text" : "are the symptoms serious?",
        "userDefined" : false
      }
    ],
    "isTemplate" : false,
    "count" : 0,
    "updated" : 0
  },
  {
    "id" : "325d7372-7ab4-443e-872d-3d080940a904",
    "data" : [
      {
        "text" : "can i still have it but have no symptoms?",
        "userDefined" : false
      }
    ],
    "isTemplate" : false,
    "count" : 0,
    "updated" : 0
  },
  {
    "id" : "c1bc32b3-6318-4cf4-a806-eefbf91c7094",
    "data" : [
      {
        "text" : "can people die from contacting covid-19?",
        "userDefined" : false
      }
    ],
    "isTemplate" : false,
    "count" : 0,
    "updated" : 0
  },
  {
    "id" : "55570a6d-4827-4cf9-b6da-dea96ffeea67",
    "data" : [
      {
        "text" : "can people die from coronavirus?",
        "userDefined" : false
      }
    ],
    "isTemplate" : false,
    "count" : 0,
    "updated" : 0
  },
  {
    "id" : "6024df37-7a29-4ab5-a9d0-8569d9aa3691",
    "data" : [
      {
        "text" : "can people die from it?",
        "userDefined" : false
      }
    ],
    "isTemplate" : false,
    "count" : 0,
    "updated" : 0
  },
  {
    "id" : "63519d69-6118-48b1-9eba-5e9a94ed8015",
    "data" : [
      {
        "text" : "can there be complications from covid-19 symptoms?",
        "userDefined" : false
      }
    ],
    "isTemplate" : false,
    "count" : 0,
    "updated" : 0
  },
  {
    "id" : "4776938d-0a2d-47c1-add0-cb37e85254f8",
    "data" : [
      {
        "text" : "can you be infected and not show any symptoms?",
        "userDefined" : false
      }
    ],
    "isTemplate" : false,
    "count" : 0,
    "updated" : 0
  },
  {
    "id" : "253a0bd9-72d4-435d-976f-d04c8f72af0b",
    "data" : [
      {
        "text" : "can you tell me what the symptoms are?",
        "userDefined" : false
      }
    ],
    "isTemplate" : false,
    "count" : 0,
    "updated" : 0
  },
  {
    "id" : "92530471-24a8-4a5d-8f9d-77dac6161b6c",
    "data" : [
      {
        "text" : "could i be carrying coronavirus if i don't have symptoms?",
        "userDefined" : false
      }
    ],
    "isTemplate" : false,
    "count" : 0,
    "updated" : 0
  },
  {
    "id" : "e5bfea20-1f4d-4f88-9276-2e5fb3ea409c",
    "data" : [
      {
        "text" : "does everyone have symptoms?",
        "userDefined" : false
      }
    ],
    "isTemplate" : false,
    "count" : 0,
    "updated" : 0
  },
  {
    "id" : "8cba79e2-9a03-4e4a-9adb-25fdfc116d44",
    "data" : [
      {
        "text" : "how badly should i be coughing?",
        "userDefined" : false
      }
    ],
    "isTemplate" : false,
    "count" : 0,
    "updated" : 0
  },
  {
    "id" : "cd9e96c8-67f2-4891-a1c3-c9f53c017c30",
    "data" : [
      {
        "text" : "how can i identify the symptoms of corona?",
        "userDefined" : false
      }
    ],
    "isTemplate" : false,
    "count" : 0,
    "updated" : 0
  },
  {
    "id" : "4199cda9-1f39-4199-b81f-fb6c414d0754",
    "data" : [
      {
        "text" : "how can i tell if i have corona virus?",
        "userDefined" : false
      }
    ],
    "isTemplate" : false,
    "count" : 0,
    "updated" : 0
  },
  {
    "id" : "c006af65-06d1-4343-bee3-3606e9341e76",
    "data" : [
      {
        "text" : "how can i tell if i have the symptoms?",
        "userDefined" : false
      }
    ],
    "isTemplate" : false,
    "count" : 0,
    "updated" : 0
  },
  {
    "id" : "b1020754-bd54-4e0f-af8e-d1459a948067",
    "data" : [
      {
        "text" : "how can i tell it's corona virus?",
        "userDefined" : false
      }
    ],
    "isTemplate" : false,
    "count" : 0,
    "updated" : 0
  },
  {
    "id" : "5f1a5593-02dc-4056-9ba7-6394b5d7bacd",
    "data" : [
      {
        "text" : "how do i know i have covid-19?",
        "userDefined" : false
      }
    ],
    "isTemplate" : false,
    "count" : 0,
    "updated" : 0
  },
  {
    "id" : "4df0bf56-3046-46c8-9cfa-4149b1de65c8",
    "data" : [
      {
        "text" : "how do i know i might be a carrier?",
        "userDefined" : false
      }
    ],
    "isTemplate" : false,
    "count" : 0,
    "updated" : 0
  },
  {
    "id" : "b05b2730-a73c-44dd-9746-de3367ba0f41",
    "data" : [
      {
        "text" : "how do i know i might have it?",
        "userDefined" : false
      }
    ],
    "isTemplate" : false,
    "count" : 0,
    "updated" : 0
  },
  {
    "id" : "e0c3e3e3-3570-4d07-a584-945e132618a1",
    "data" : [
      {
        "text" : "how do i know if i have it?",
        "userDefined" : false
      }
    ],
    "isTemplate" : false,
    "count" : 0,
    "updated" : 0
  },
  {
    "id" : "573f1e89-730d-49a4-911e-bc6d0da59a82",
    "data" : [
      {
        "text" : "how do i know if i need hospital treatment?",
        "userDefined" : false
      }
    ],
    "isTemplate" : false,
    "count" : 0,
    "updated" : 0
  },
  {
    "id" : "093e737c-0728-47a8-9dc9-e19a6c0eb4b3",
    "data" : [
      {
        "text" : "how do i know if i'm a carrier of covid-19?",
        "userDefined" : false
      }
    ],
    "isTemplate" : false,
    "count" : 0,
    "updated" : 0
  },
  {
    "id" : "eb48698c-8950-497e-85f2-f10903c86d11",
    "data" : [
      {
        "text" : "how do i know if i've caught coronavirus?",
        "userDefined" : false
      }
    ],
    "isTemplate" : false,
    "count" : 0,
    "updated" : 0
  },
  {
    "id" : "483d18b4-ce16-4dd1-842e-fd6a50b6c260",
    "data" : [
      {
        "text" : "how does covid-19 affect your body?",
        "userDefined" : false
      }
    ],
    "isTemplate" : false,
    "count" : 0,
    "updated" : 0
  },
  {
    "id" : "869df530-42a3-4e30-8f0d-6b126fcdcb67",
    "data" : [
      {
        "text" : "how high does my fever have to be for me to go to hospital?",
        "userDefined" : false
      }
    ],
    "isTemplate" : false,
    "count" : 0,
    "updated" : 0
  },
  {
    "id" : "ebad01e3-0edf-4a02-9609-35d78862c570",
    "data" : [
      {
        "text" : "how is your body affected by corona?",
        "userDefined" : false
      }
    ],
    "isTemplate" : false,
    "count" : 0,
    "updated" : 0
  },
  {
    "id" : "38bb32bc-2e85-4fc7-92d4-7d96e048e9e0",
    "data" : [
      {
        "text" : "how long do i have to be sick for before i can go to a clinic?",
        "userDefined" : false
      }
    ],
    "isTemplate" : false,
    "count" : 0,
    "updated" : 0
  },
  {
    "id" : "ae19816d-b350-412d-a4de-33b701ee8289",
    "data" : [
      {
        "text" : "how long should i have a fever for?",
        "userDefined" : false
      }
    ],
    "isTemplate" : false,
    "count" : 0,
    "updated" : 0
  },
  {
    "id" : "dab8aa70-c892-45e5-87d9-fd6b24a9719d",
    "data" : [
      {
        "text" : "how severe do my symptoms have to be before i go to hospital?",
        "userDefined" : false
      }
    ],
    "isTemplate" : false,
    "count" : 0,
    "updated" : 0
  },
  {
    "id" : "04a32d7b-76fa-4957-9c37-5c01f6d663e6",
    "data" : [
      {
        "text" : "i'm coughing, what should i do?",
        "userDefined" : false
      }
    ],
    "isTemplate" : false,
    "count" : 0,
    "updated" : 0
  },
  {
    "id" : "0187c4f5-eec2-4684-a036-0890f99cc38b",
    "data" : [
      {
        "text" : "is a symptom?",
        "userDefined" : false
      }
    ],
    "isTemplate" : false,
    "count" : 0,
    "updated" : 0
  },
  {
    "id" : "51ca754b-e57a-4c01-a97d-50aa6898a77d",
    "data" : [
      {
        "text" : "is coughing a symptom of the disease?",
        "userDefined" : false
      }
    ],
    "isTemplate" : false,
    "count" : 0,
    "updated" : 0
  },
  {
    "id" : "961ea452-0536-465a-9888-92e9e224f1f9",
    "data" : [
      {
        "text" : "is joint pain a symptom?",
        "userDefined" : false
      }
    ],
    "isTemplate" : false,
    "count" : 0,
    "updated" : 0
  },
  {
    "id" : "ad937264-b355-49d1-becb-7300724d56c4",
    "data" : [
      {
        "text" : "should i go to a health centre if i have symptoms?",
        "userDefined" : false
      }
    ],
    "isTemplate" : false,
    "count" : 0,
    "updated" : 0
  },
  {
    "id" : "932be308-5dd8-47b2-871b-4151c4495416",
    "data" : [
      {
        "text" : "what are the effects of the virus on your body?",
        "userDefined" : false
      }
    ],
    "isTemplate" : false,
    "count" : 0,
    "updated" : 0
  },
  {
    "id" : "d78fee78-85c8-4442-a3ba-b4c4015de25e",
    "data" : [
      {
        "text" : "what are the signs and symptoms?",
        "userDefined" : false
      }
    ],
    "isTemplate" : false,
    "count" : 0,
    "updated" : 0
  },
  {
    "id" : "006d31a0-e811-435d-9494-97be2ae399ee",
    "data" : [
      {
        "text" : "what are the signs of corona?",
        "userDefined" : false
      }
    ],
    "isTemplate" : false,
    "count" : 0,
    "updated" : 0
  },
  {
    "id" : "e82c16f3-8d92-4959-a7f0-7490c383ac48",
    "data" : [
      {
        "text" : "what are the signs of covid-19?",
        "userDefined" : false
      }
    ],
    "isTemplate" : false,
    "count" : 0,
    "updated" : 0
  },
  {
    "id" : "9aaff3ab-494d-4ce4-8b52-237780163fca",
    "data" : [
      {
        "text" : "what are the signs?",
        "userDefined" : false
      }
    ],
    "isTemplate" : false,
    "count" : 0,
    "updated" : 0
  },
  {
    "id" : "4302fdcd-4efc-4c6d-b818-073d280d23d9",
    "data" : [
      {
        "text" : "what are the symptoms?",
        "userDefined" : false
      }
    ],
    "isTemplate" : false,
    "count" : 0,
    "updated" : 0
  },
  {
    "id" : "9e94e9df-30b2-4254-9ba2-f5701261814c",
    "data" : [
      {
        "text" : "what counts as a high temperature?",
        "userDefined" : false
      }
    ],
    "isTemplate" : false,
    "count" : 0,
    "updated" : 0
  },
  {
    "id" : "1db3d70d-e06d-4e33-bcce-ea275759d510",
    "data" : [
      {
        "text" : "what do aches and pains mean?",
        "userDefined" : false
      }
    ],
    "isTemplate" : false,
    "count" : 0,
    "updated" : 0
  },
  {
    "id" : "ac560f1d-ebb2-46f8-943a-1f4e0efe1067",
    "data" : [
      {
        "text" : "what do the symptoms look like?",
        "userDefined" : false
      }
    ],
    "isTemplate" : false,
    "count" : 0,
    "updated" : 0
  },
  {
    "id" : "a297c1bd-46cc-4329-bc7a-226ba2c9b5d1",
    "data" : [
      {
        "text" : "what does asymptomatic mean?",
        "userDefined" : false
      }
    ],
    "isTemplate" : false,
    "count" : 0,
    "updated" : 0
  },
  {
    "id" : "b5f2b272-f189-45aa-b41b-414bde0311ab",
    "data" : [
      {
        "text" : "what does covid-19 do to your body?",
        "userDefined" : false
      }
    ],
    "isTemplate" : false,
    "count" : 0,
    "updated" : 0
  },
  {
    "id" : "75f46a86-c042-45ef-a953-4b5345cac446",
    "data" : [
      {
        "text" : "what does dry cough mean?",
        "userDefined" : false
      }
    ],
    "isTemplate" : false,
    "count" : 0,
    "updated" : 0
  },
  {
    "id" : "f929e5b7-9c49-4d50-8699-7679d88a3205",
    "data" : [
      {
        "text" : "what does having corona feel like?",
        "userDefined" : false
      }
    ],
    "isTemplate" : false,
    "count" : 0,
    "updated" : 0
  },
  {
    "id" : "8ffc06e0-3634-4bfa-97b4-01e326249393",
    "data" : [
      {
        "text" : "what does having corona virus feel like?",
        "userDefined" : false
      }
    ],
    "isTemplate" : false,
    "count" : 0,
    "updated" : 0
  },
  {
    "id" : "9575737c-3b08-4d9c-b895-ed11f100abdd",
    "data" : [
      {
        "text" : "what does having the virus feel like?",
        "userDefined" : false
      }
    ],
    "isTemplate" : false,
    "count" : 0,
    "updated" : 0
  },
  {
    "id" : "57796ec3-fae9-4372-a757-52224b949de2",
    "data" : [
      {
        "text" : "what does it mean if i'm coughing?",
        "userDefined" : false
      }
    ],
    "isTemplate" : false,
    "count" : 0,
    "updated" : 0
  },
  {
    "id" : "db4765ea-396b-44d7-8d85-0d9a95514917",
    "data" : [
      {
        "text" : "what does it mean to be asymptomatic?",
        "userDefined" : false
      }
    ],
    "isTemplate" : false,
    "count" : 0,
    "updated" : 0
  },
  {
    "id" : "a8027688-1d89-45b8-ab56-80bfe232a1ff",
    "data" : [
      {
        "text" : "what does persistent cough mean?",
        "userDefined" : false
      }
    ],
    "isTemplate" : false,
    "count" : 0,
    "updated" : 0
  },
  {
    "id" : "5e6881b3-e5dd-416f-9b2c-0cfbfa6d25cf",
    "data" : [
      {
        "text" : "what does the virus do to your body?",
        "userDefined" : false
      }
    ],
    "isTemplate" : false,
    "count" : 0,
    "updated" : 0
  },
  {
    "id" : "360e347d-73a6-4156-aaec-de593ec5662d",
    "data" : [
      {
        "text" : "what is a dry cough?",
        "userDefined" : false
      }
    ],
    "isTemplate" : false,
    "count" : 0,
    "updated" : 0
  },
  {
    "id" : "561c4fdb-e7f6-4420-b505-0735ebc4966c",
    "data" : [
      {
        "text" : "what is a fever?",
        "userDefined" : false
      }
    ],
    "isTemplate" : false,
    "count" : 0,
    "updated" : 0
  },
  {
    "id" : "6f461133-105a-4196-9444-b1a29ccde0d4",
    "data" : [
      {
        "text" : "what is an asymptomatic carrier?",
        "userDefined" : false
      }
    ],
    "isTemplate" : false,
    "count" : 0,
    "updated" : 0
  },
  {
    "id" : "1eefcbd9-148c-46ba-9629-bffef2684922",
    "data" : [
      {
        "text" : "what is different about a dry cough?",
        "userDefined" : false
      }
    ],
    "isTemplate" : false,
    "count" : 0,
    "updated" : 0
  },
  {
    "id" : "eec41849-da90-45e1-ad11-f526e290beea",
    "data" : [
      {
        "text" : "what should i do if i think i have it?",
        "userDefined" : false
      }
    ],
    "isTemplate" : false,
    "count" : 0,
    "updated" : 0
  },
  {
    "id" : "6a689bf6-d6f3-414e-af18-1f420dfdca63",
    "data" : [
      {
        "text" : "what should i do if i think i might have corona virus?",
        "userDefined" : false
      }
    ],
    "isTemplate" : false,
    "count" : 0,
    "updated" : 0
  },
  {
    "id" : "4b578d63-5133-4fe0-92a5-64475b93715b",
    "data" : [
      {
        "text" : "what signs of covid-19 should i look for?",
        "userDefined" : false
      }
    ],
    "isTemplate" : false,
    "count" : 0,
    "updated" : 0
  },
  {
    "id" : "9e27245f-c60d-4514-9c13-40eee8262f0a",
    "data" : [
      {
        "text" : "what temperature is a fever?",
        "userDefined" : false
      }
    ],
    "isTemplate" : false,
    "count" : 0,
    "updated" : 0
  },
  {
    "id" : "04c03fa1-2860-4322-81db-07ee168837a9",
    "data" : [
      {
        "text" : "when do i need to go to a clinic?",
        "userDefined" : false
      }
    ],
    "isTemplate" : false,
    "count" : 0,
    "updated" : 0
  },
  {
    "id" : "601881fa-41ef-49b1-b1a6-74849d0e7d22",
    "data" : [
      {
        "text" : "when is a cough persistent?",
        "userDefined" : false
      }
    ],
    "isTemplate" : false,
    "count" : 0,
    "updated" : 0
  },
  {
    "id" : "7448e0ae-84fd-479a-aaec-88cf7c2a7dcd",
    "data" : [
      {
        "text" : "when should i go to hospital?",
        "userDefined" : false
      }
    ],
    "isTemplate" : false,
    "count" : 0,
    "updated" : 0
  },
  {
    "id" : "efd783a5-0bd0-462b-b76f-267d65421173",
    "data" : [
      {
        "text" : "when should i go to the emergency room?",
        "userDefined" : false
      }
    ],
    "isTemplate" : false,
    "count" : 0,
    "updated" : 0
  },
  {
    "id" : "26026b2a-1975-4db2-a39b-849c59897784",
    "data" : [
      {
        "text" : "will i feel like i'm going to die?",
        "userDefined" : false
      }
    ],
    "isTemplate" : false,
    "count" : 0,
    "updated" : 0
  },
  {
    "id" : "4b9f8200-76ee-4683-8d78-df99fe1f1b65",
    "data" : [
      {
        "text" : "will i need treatment at the hospital?",
        "userDefined" : false
      }
    ],
    "isTemplate" : false,
    "count" : 0,
    "updated" : 0
  }
]