[
  {
    "id" : "0950d480-e790-45c1-b46a-96eaada7dc3e",
    "data" : [
      {
        "text" : "how are viruses different from bacteria?",
        "userDefined" : false
      }
    ],
    "isTemplate" : false,
    "count" : 0,
    "updated" : 0
  },
  {
    "id" : "e23ca038-65ee-4920-8014-9a97fb28719f",
    "data" : [
      {
        "text" : "how are viruses structured?",
        "userDefined" : false
      }
    ],
    "isTemplate" : false,
    "count" : 0,
    "updated" : 0
  },
  {
    "id" : "a9c6a08b-7add-44ad-a853-71c16a634b8d",
    "data" : [
      {
        "text" : "how do viruses behave?",
        "userDefined" : false
      }
    ],
    "isTemplate" : false,
    "count" : 0,
    "updated" : 0
  },
  {
    "id" : "38a80874-f272-4116-9a9f-e1f3909e15d1",
    "data" : [
      {
        "text" : "how do viruses work?",
        "userDefined" : false
      }
    ],
    "isTemplate" : false,
    "count" : 0,
    "updated" : 0
  },
  {
    "id" : "351ce8bf-a751-4d5e-9be4-f844f2fe4383",
    "data" : [
      {
        "text" : "how does a pandemic work?",
        "userDefined" : false
      }
    ],
    "isTemplate" : false,
    "count" : 0,
    "updated" : 0
  },
  {
    "id" : "cee0db08-a22a-4ab4-b2ae-d68bd10bb04e",
    "data" : [
      {
        "text" : "how does a virus work?",
        "userDefined" : false
      }
    ],
    "isTemplate" : false,
    "count" : 0,
    "updated" : 0
  },
  {
    "id" : "37603dcd-1941-45ad-b536-3b2aaeb6f54f",
    "data" : [
      {
        "text" : "how does an epidemic work?",
        "userDefined" : false
      }
    ],
    "isTemplate" : false,
    "count" : 0,
    "updated" : 0
  },
  {
    "id" : "ce021870-9a41-4c92-b8b9-8d515d9a2636",
    "data" : [
      {
        "text" : "how does corona virus work?",
        "userDefined" : false
      }
    ],
    "isTemplate" : false,
    "count" : 0,
    "updated" : 0
  },
  {
    "id" : "4178cb84-49f3-4dab-962a-5dff5ac74bfd",
    "data" : [
      {
        "text" : "how does covid work as a disease?",
        "userDefined" : false
      }
    ],
    "isTemplate" : false,
    "count" : 0,
    "updated" : 0
  },
  {
    "id" : "f9e2867d-413c-431f-85dd-209779723fbc",
    "data" : [
      {
        "text" : "how does covid work?",
        "userDefined" : false
      }
    ],
    "isTemplate" : false,
    "count" : 0,
    "updated" : 0
  },
  {
    "id" : "2dc23c57-06af-4d11-90aa-3dab16ef9844",
    "data" : [
      {
        "text" : "how is a virus structured?",
        "userDefined" : false
      }
    ],
    "isTemplate" : false,
    "count" : 0,
    "updated" : 0
  },
  {
    "id" : "aa8bbf73-5c66-4cc1-90ec-7eab105b350d",
    "data" : [
      {
        "text" : "is covid-19 a virus?",
        "userDefined" : false
      }
    ],
    "isTemplate" : false,
    "count" : 0,
    "updated" : 0
  },
  {
    "id" : "a1b83b23-01d2-464c-87c7-64ea5af7d5b0",
    "data" : [
      {
        "text" : "what are corona viruses?",
        "userDefined" : false
      }
    ],
    "isTemplate" : false,
    "count" : 0,
    "updated" : 0
  },
  {
    "id" : "f9fc2b0a-67de-417a-bf5a-996e3786f2cb",
    "data" : [
      {
        "text" : "what are viruses?",
        "userDefined" : false
      }
    ],
    "isTemplate" : false,
    "count" : 0,
    "updated" : 0
  },
  {
    "id" : "bc7de0d7-b91f-4ef6-8f9b-e9fc691fb9a4",
    "data" : [
      {
        "text" : "what do they mean by \"pandemic\"",
        "userDefined" : false
      }
    ],
    "isTemplate" : false,
    "count" : 0,
    "updated" : 0
  },
  {
    "id" : "c9317c17-34d3-4cf7-b468-5b0699a25a5b",
    "data" : [
      {
        "text" : "what do viruses look like?",
        "userDefined" : false
      }
    ],
    "isTemplate" : false,
    "count" : 0,
    "updated" : 0
  },
  {
    "id" : "b341cc0b-19db-4c42-bbab-f5301660e963",
    "data" : [
      {
        "text" : "what does \"pandemic\" mean?",
        "userDefined" : false
      }
    ],
    "isTemplate" : false,
    "count" : 0,
    "updated" : 0
  },
  {
    "id" : "80bdb82e-7971-47fa-8e34-74ad7f71a126",
    "data" : [
      {
        "text" : "what does \"virus\" mean?",
        "userDefined" : false
      }
    ],
    "isTemplate" : false,
    "count" : 0,
    "updated" : 0
  },
  {
    "id" : "a3f758e8-c5ad-4b57-8a96-c75f6dd45572",
    "data" : [
      {
        "text" : "what does a pandemic mean?",
        "userDefined" : false
      }
    ],
    "isTemplate" : false,
    "count" : 0,
    "updated" : 0
  },
  {
    "id" : "6214ab0e-b4ef-48dc-8264-5cb50f94ec85",
    "data" : [
      {
        "text" : "what does a virus look like?",
        "userDefined" : false
      }
    ],
    "isTemplate" : false,
    "count" : 0,
    "updated" : 0
  },
  {
    "id" : "e9834de3-a5fa-45f4-995c-f35b4864f41a",
    "data" : [
      {
        "text" : "what does an epidemic mean?",
        "userDefined" : false
      }
    ],
    "isTemplate" : false,
    "count" : 0,
    "updated" : 0
  },
  {
    "id" : "13a1c4a1-4e1a-4c7b-9360-ce2c9cc183e5",
    "data" : [
      {
        "text" : "what does an outbreak mean?",
        "userDefined" : false
      }
    ],
    "isTemplate" : false,
    "count" : 0,
    "updated" : 0
  },
  {
    "id" : "bc7b81dc-7dd8-4875-9d96-dfb3127b69ba",
    "data" : [
      {
        "text" : "what does covid mean?",
        "userDefined" : false
      }
    ],
    "isTemplate" : false,
    "count" : 0,
    "updated" : 0
  },
  {
    "id" : "48dfa948-99d9-489a-88b0-129c8c20051c",
    "data" : [
      {
        "text" : "what does covid stand for?",
        "userDefined" : false
      }
    ],
    "isTemplate" : false,
    "count" : 0,
    "updated" : 0
  },
  {
    "id" : "93512c41-3428-436b-acc1-1ea6456cfac2",
    "data" : [
      {
        "text" : "what does covid19 mean?",
        "userDefined" : false
      }
    ],
    "isTemplate" : false,
    "count" : 0,
    "updated" : 0
  },
  {
    "id" : "8debdeab-8c76-4cfd-867d-92389311d051",
    "data" : [
      {
        "text" : "what does covid-19 mean?",
        "userDefined" : false
      }
    ],
    "isTemplate" : false,
    "count" : 0,
    "updated" : 0
  },
  {
    "id" : "a7cf38e6-b4b5-4954-95de-c9ebd3fbb36f",
    "data" : [
      {
        "text" : "what does covid19 stand for?",
        "userDefined" : false
      }
    ],
    "isTemplate" : false,
    "count" : 0,
    "updated" : 0
  },
  {
    "id" : "0bec244e-5eeb-4ac8-a2b1-32b449799304",
    "data" : [
      {
        "text" : "what is a pandemic?",
        "userDefined" : false
      }
    ],
    "isTemplate" : false,
    "count" : 0,
    "updated" : 0
  },
  {
    "id" : "b40bbabf-11c0-40cc-a4ad-e46450050182",
    "data" : [
      {
        "text" : "what is a virus?",
        "userDefined" : false
      }
    ],
    "isTemplate" : false,
    "count" : 0,
    "updated" : 0
  },
  {
    "id" : "18153c14-efdc-431d-bb47-ae468d7db646",
    "data" : [
      {
        "text" : "what is an epidemic?",
        "userDefined" : false
      }
    ],
    "isTemplate" : false,
    "count" : 0,
    "updated" : 0
  },
  {
    "id" : "9aad93ec-eaa1-4a6b-8ac0-306a22d16c4c",
    "data" : [
      {
        "text" : "what is corona?",
        "userDefined" : false
      }
    ],
    "isTemplate" : false,
    "count" : 0,
    "updated" : 0
  },
  {
    "id" : "95574222-64eb-4374-a379-b65159a28272",
    "data" : [
      {
        "text" : "what is covid-19",
        "userDefined" : false
      }
    ],
    "isTemplate" : false,
    "count" : 0,
    "updated" : 0
  },
  {
    "id" : "b37897f1-b241-4f16-bac3-adaeed4983d8",
    "data" : [
      {
        "text" : "what is pandemic",
        "userDefined" : false
      }
    ],
    "isTemplate" : false,
    "count" : 0,
    "updated" : 0
  },
  {
    "id" : "3366c05b-b64d-4ed1-8e26-3916d7651acb",
    "data" : [
      {
        "text" : "what is the corona virus?",
        "userDefined" : false
      }
    ],
    "isTemplate" : false,
    "count" : 0,
    "updated" : 0
  },
  {
    "id" : "12018dd7-bf3f-4118-801d-334179c00c73",
    "data" : [
      {
        "text" : "what is the difference between and epidemic and a pandemic?",
        "userDefined" : false
      }
    ],
    "isTemplate" : false,
    "count" : 0,
    "updated" : 0
  },
  {
    "id" : "83baafe6-cc81-45fc-9403-2525aa268bc8",
    "data" : [
      {
        "text" : "what is the full name of coronavirus?",
        "userDefined" : false
      }
    ],
    "isTemplate" : false,
    "count" : 0,
    "updated" : 0
  },
  {
    "id" : "e268fb22-f0a4-4519-9926-463922d1f34d",
    "data" : [
      {
        "text" : "what is the full name of covid-19?",
        "userDefined" : false
      }
    ],
    "isTemplate" : false,
    "count" : 0,
    "updated" : 0
  },
  {
    "id" : "c2d9f5e6-389c-41b1-9916-11b9c936ed19",
    "data" : [
      {
        "text" : "what is the full name of the virus?",
        "userDefined" : false
      }
    ],
    "isTemplate" : false,
    "count" : 0,
    "updated" : 0
  },
  {
    "id" : "ae2fc8cc-3206-41d5-afa0-543a759982d2",
    "data" : [
      {
        "text" : "what is the structure of coronavirus",
        "userDefined" : false
      }
    ],
    "isTemplate" : false,
    "count" : 0,
    "updated" : 0
  },
  {
    "id" : "1cbdc3c9-65fe-48f3-b3a4-e5ba4253d057",
    "data" : [
      {
        "text" : "what kind of disease is corona?",
        "userDefined" : false
      }
    ],
    "isTemplate" : false,
    "count" : 0,
    "updated" : 0
  },
  {
    "id" : "77487d33-6021-4a62-b65f-3b18c442b4d3",
    "data" : [
      {
        "text" : "what kind of illness is corona virus?",
        "userDefined" : false
      }
    ],
    "isTemplate" : false,
    "count" : 0,
    "updated" : 0
  },
  {
    "id" : "2c65157b-a5d8-4f62-9546-4afb8abbee0d",
    "data" : [
      {
        "text" : "why is it called corona virus?",
        "userDefined" : false
      }
    ],
    "isTemplate" : false,
    "count" : 0,
    "updated" : 0
  }
]