[
  {
    "id" : "df3d71a3-297f-4e98-b3a7-d840f8aacc60",
    "data" : [
      {
        "text" : "am a talking with a bot?",
        "userDefined" : false
      }
    ],
    "isTemplate" : false,
    "count" : 0,
    "updated" : 0
  },
  {
    "id" : "a4823203-ead6-4969-ad26-3d8299f14e0c",
    "data" : [
      {
        "text" : "am i speaking to a bot?",
        "userDefined" : false
      }
    ],
    "isTemplate" : false,
    "count" : 0,
    "updated" : 0
  },
  {
    "id" : "23f2caf6-f776-4f19-973b-7b96896b9ba9",
    "data" : [
      {
        "text" : "am i talking to a bot?",
        "userDefined" : false
      }
    ],
    "isTemplate" : false,
    "count" : 0,
    "updated" : 0
  },
  {
    "id" : "4bc61996-4eba-47a2-8f52-dd08240ba7ad",
    "data" : [
      {
        "text" : "am i talking to a human?",
        "userDefined" : false
      }
    ],
    "isTemplate" : false,
    "count" : 0,
    "updated" : 0
  },
  {
    "id" : "ec5e36d0-9eeb-41f5-ba70-32d2479ec84c",
    "data" : [
      {
        "text" : "am i talking to a person?",
        "userDefined" : false
      }
    ],
    "isTemplate" : false,
    "count" : 0,
    "updated" : 0
  },
  {
    "id" : "8fddddb1-c7b5-44ae-8f9f-3cbc975bc5d8",
    "data" : [
      {
        "text" : "am i talking to a real person?",
        "userDefined" : false
      }
    ],
    "isTemplate" : false,
    "count" : 0,
    "updated" : 0
  },
  {
    "id" : "29ae4774-b473-4c53-bad0-0456dcbc52c1",
    "data" : [
      {
        "text" : "am i talking to a robot?",
        "userDefined" : false
      }
    ],
    "isTemplate" : false,
    "count" : 0,
    "updated" : 0
  },
  {
    "id" : "8e9089c0-f841-44f6-bc05-334547bcb3a1",
    "data" : [
      {
        "text" : "are you a human?",
        "userDefined" : false
      }
    ],
    "isTemplate" : false,
    "count" : 0,
    "updated" : 0
  },
  {
    "id" : "6ff95af5-aa54-4328-872f-7c90c98015b1",
    "data" : [
      {
        "text" : "are you a real person?",
        "userDefined" : false
      }
    ],
    "isTemplate" : false,
    "count" : 0,
    "updated" : 0
  },
  {
    "id" : "15d50bbb-bc67-452c-9463-3b7630ad6b43",
    "data" : [
      {
        "text" : "are you real?",
        "userDefined" : false
      }
    ],
    "isTemplate" : false,
    "count" : 0,
    "updated" : 0
  },
  {
    "id" : "8caf981f-40c1-45ba-b836-3770725d5e21",
    "data" : [
      {
        "text" : "can i contact a human being?",
        "userDefined" : false
      }
    ],
    "isTemplate" : false,
    "count" : 0,
    "updated" : 0
  },
  {
    "id" : "3b6e1a19-ed19-4cf0-ad86-7f75353f5a71",
    "data" : [
      {
        "text" : "i don't want to speak with a bot",
        "userDefined" : false
      }
    ],
    "isTemplate" : false,
    "count" : 0,
    "updated" : 0
  },
  {
    "id" : "15c6606f-3bd1-4fab-99c5-339774620ebf",
    "data" : [
      {
        "text" : "i don't want to talk",
        "userDefined" : false
      }
    ],
    "isTemplate" : false,
    "count" : 0,
    "updated" : 0
  },
  {
    "id" : "02d1aa0b-be6a-414c-b4b2-99027e2e3165",
    "data" : [
      {
        "text" : "i don't want to talk to a chatbot",
        "userDefined" : false
      }
    ],
    "isTemplate" : false,
    "count" : 0,
    "updated" : 0
  },
  {
    "id" : "28b78779-5b0d-4145-9536-85025bfa7546",
    "data" : [
      {
        "text" : "i don't want to talk with a chatbot",
        "userDefined" : false
      }
    ],
    "isTemplate" : false,
    "count" : 0,
    "updated" : 0
  },
  {
    "id" : "94b01596-373e-4633-b3fb-48a01f2935a3",
    "data" : [
      {
        "text" : "i'd like to speak to a person",
        "userDefined" : false
      }
    ],
    "isTemplate" : false,
    "count" : 0,
    "updated" : 0
  },
  {
    "id" : "32675ba2-f418-4def-9eca-e69a5bf643a5",
    "data" : [
      {
        "text" : "is this a person?",
        "userDefined" : false
      }
    ],
    "isTemplate" : false,
    "count" : 0,
    "updated" : 0
  },
  {
    "id" : "3451e025-a1a1-4ed8-8ff0-54e433eff559",
    "data" : [
      {
        "text" : "is this a real person or a bot?",
        "userDefined" : false
      }
    ],
    "isTemplate" : false,
    "count" : 0,
    "updated" : 0
  },
  {
    "id" : "b0369e94-c079-4709-b5f2-ff572880f9ac",
    "data" : [
      {
        "text" : "who am i talking to?",
        "userDefined" : false
      }
    ],
    "isTemplate" : false,
    "count" : 0,
    "updated" : 0
  },
  {
    "id" : "c6ccd41c-de28-4041-ae09-9593c45fc7e2",
    "data" : [
      {
        "text" : "you real?",
        "userDefined" : false
      }
    ],
    "isTemplate" : false,
    "count" : 0,
    "updated" : 0
  }
]