[
  {
    "id" : "f7abb6f5-189a-4109-a0f5-05a6ce0dee59",
    "data" : [
      {
        "text" : "are people working from home?",
        "userDefined" : false
      }
    ],
    "isTemplate" : false,
    "count" : 0,
    "updated" : 0
  },
  {
    "id" : "483ff53a-c42f-47a0-999c-7b2d82605020",
    "data" : [
      {
        "text" : "are there any key workers?",
        "userDefined" : false
      }
    ],
    "isTemplate" : false,
    "count" : 0,
    "updated" : 0
  },
  {
    "id" : "e1268363-c75a-4b34-8199-1c20575ff6d0",
    "data" : [
      {
        "text" : "are you in the office right now?",
        "userDefined" : false
      }
    ],
    "isTemplate" : false,
    "count" : 0,
    "updated" : 0
  },
  {
    "id" : "eae856ab-9754-43be-8f54-929ad7b78de0",
    "data" : [
      {
        "text" : "are your people working from home right now?",
        "userDefined" : false
      }
    ],
    "isTemplate" : false,
    "count" : 0,
    "updated" : 0
  },
  {
    "id" : "6fa5cb10-21cf-4e8e-b7bc-7c33879cad61",
    "data" : [
      {
        "text" : "are your staff in the office right now?",
        "userDefined" : false
      }
    ],
    "isTemplate" : false,
    "count" : 0,
    "updated" : 0
  },
  {
    "id" : "c520cf92-3ab4-4078-9a41-14cf345d88fe",
    "data" : [
      {
        "text" : "are your staff in the office?",
        "userDefined" : false
      }
    ],
    "isTemplate" : false,
    "count" : 0,
    "updated" : 0
  },
  {
    "id" : "129742fd-8c54-4b2c-8f97-4fbed5d10030",
    "data" : [
      {
        "text" : "are your staff still working?",
        "userDefined" : false
      }
    ],
    "isTemplate" : false,
    "count" : 0,
    "updated" : 0
  },
  {
    "id" : "0ae2fc59-e7f5-4db8-8316-8df793103f41",
    "data" : [
      {
        "text" : "are your staff working from home?",
        "userDefined" : false
      }
    ],
    "isTemplate" : false,
    "count" : 0,
    "updated" : 0
  },
  {
    "id" : "07d0c93b-7d9c-4999-8220-7884e762170c",
    "data" : [
      {
        "text" : "can i contact your staff at the office?",
        "userDefined" : false
      }
    ],
    "isTemplate" : false,
    "count" : 0,
    "updated" : 0
  },
  {
    "id" : "7469a31f-3796-4e10-8e1c-8c729bd29ef9",
    "data" : [
      {
        "text" : "can i contact your staff right now?",
        "userDefined" : false
      }
    ],
    "isTemplate" : false,
    "count" : 0,
    "updated" : 0
  },
  {
    "id" : "02697ba0-d7ce-4632-adbf-6e97effe8aaa",
    "data" : [
      {
        "text" : "can you work from home if needed?",
        "userDefined" : false
      }
    ],
    "isTemplate" : false,
    "count" : 0,
    "updated" : 0
  },
  {
    "id" : "22e9de3e-0f8f-42dc-b0af-78d3ee9d8dd8",
    "data" : [
      {
        "text" : "do you have any key workers?",
        "userDefined" : false
      }
    ],
    "isTemplate" : false,
    "count" : 0,
    "updated" : 0
  },
  {
    "id" : "c5bf7058-d47c-4130-9701-74d910d87e24",
    "data" : [
      {
        "text" : "do you have people still working?",
        "userDefined" : false
      }
    ],
    "isTemplate" : false,
    "count" : 0,
    "updated" : 0
  },
  {
    "id" : "868282eb-8663-4a97-a552-febae66127f2",
    "data" : [
      {
        "text" : "do you have the resources for working from home?",
        "userDefined" : false
      }
    ],
    "isTemplate" : false,
    "count" : 0,
    "updated" : 0
  },
  {
    "id" : "37e5eb92-5039-4868-a3c2-c01dd60a7718",
    "data" : [
      {
        "text" : "do you have the resources to work from home?",
        "userDefined" : false
      }
    ],
    "isTemplate" : false,
    "count" : 0,
    "updated" : 0
  },
  {
    "id" : "6a0259a8-93f0-4ebf-af07-b547ab3c3a67",
    "data" : [
      {
        "text" : "do you still have key workers?",
        "userDefined" : false
      }
    ],
    "isTemplate" : false,
    "count" : 0,
    "updated" : 0
  },
  {
    "id" : "641c07ee-d6f6-492e-a89d-5b001920d3c5",
    "data" : [
      {
        "text" : "do your staff have the resources to work from home?",
        "userDefined" : false
      }
    ],
    "isTemplate" : false,
    "count" : 0,
    "updated" : 0
  },
  {
    "id" : "6a3791a6-0716-4757-92f4-97613652bf13",
    "data" : [
      {
        "text" : "does your company have the resources to work from home?",
        "userDefined" : false
      }
    ],
    "isTemplate" : false,
    "count" : 0,
    "updated" : 0
  },
  {
    "id" : "857ced5b-7272-467c-80dd-7a12212c2c05",
    "data" : [
      {
        "text" : "how can i contact your staff?",
        "userDefined" : false
      }
    ],
    "isTemplate" : false,
    "count" : 0,
    "updated" : 0
  },
  {
    "id" : "f7ea6414-fcb2-4e6d-ae0c-8c8905b17c6f",
    "data" : [
      {
        "text" : "is anyone still working?",
        "userDefined" : false
      }
    ],
    "isTemplate" : false,
    "count" : 0,
    "updated" : 0
  },
  {
    "id" : "6feb0249-75da-4360-a55d-03accf90753a",
    "data" : [
      {
        "text" : "where are your staff?",
        "userDefined" : false
      }
    ],
    "isTemplate" : false,
    "count" : 0,
    "updated" : 0
  },
  {
    "id" : "1d9c2931-98b8-4954-ae08-bd056042f9c8",
    "data" : [
      {
        "text" : "who is available for remote meetings?",
        "userDefined" : false
      }
    ],
    "isTemplate" : false,
    "count" : 0,
    "updated" : 0
  },
  {
    "id" : "83a89b5c-a1ff-479d-b573-d9bda081cc30",
    "data" : [
      {
        "text" : "who is available for virtual meetings?",
        "userDefined" : false
      }
    ],
    "isTemplate" : false,
    "count" : 0,
    "updated" : 0
  },
  {
    "id" : "a0623c67-da06-4dc1-b7f0-64536c5041f4",
    "data" : [
      {
        "text" : "who is available to speak to",
        "userDefined" : false
      }
    ],
    "isTemplate" : false,
    "count" : 0,
    "updated" : 0
  },
  {
    "id" : "0e9e7903-8872-4a79-aa97-65b304559063",
    "data" : [
      {
        "text" : "who is available to speak to in the office?",
        "userDefined" : false
      }
    ],
    "isTemplate" : false,
    "count" : 0,
    "updated" : 0
  },
  {
    "id" : "1512b513-68af-4c86-b0fd-ccc4f49a1e78",
    "data" : [
      {
        "text" : "who is available while staff are working from home?",
        "userDefined" : false
      }
    ],
    "isTemplate" : false,
    "count" : 0,
    "updated" : 0
  },
  {
    "id" : "228a5214-b667-475c-8877-397cd0e632ed",
    "data" : [
      {
        "text" : "who is available while working from home?",
        "userDefined" : false
      }
    ],
    "isTemplate" : false,
    "count" : 0,
    "updated" : 0
  },
  {
    "id" : "9f7f0d66-c4e3-4e18-a4e3-10d57814f78d",
    "data" : [
      {
        "text" : "who is still working?",
        "userDefined" : false
      }
    ],
    "isTemplate" : false,
    "count" : 0,
    "updated" : 0
  }
]