[
  {
    "id" : "39514c3b-858d-49d8-90c4-328134d3add2",
    "data" : [
      {
        "text" : "are you keeping your workers safe?",
        "userDefined" : false
      }
    ],
    "isTemplate" : false,
    "count" : 0,
    "updated" : 0
  },
  {
    "id" : "fb587163-1af6-464e-b61f-e5a9c2fa0385",
    "data" : [
      {
        "text" : "are you paying your staff even if they are unwell?",
        "userDefined" : false
      }
    ],
    "isTemplate" : false,
    "count" : 0,
    "updated" : 0
  },
  {
    "id" : "07aefd6a-625a-41fd-8888-b62b6c36412a",
    "data" : [
      {
        "text" : "do you have a business continuity plan?",
        "userDefined" : false
      }
    ],
    "isTemplate" : false,
    "count" : 0,
    "updated" : 0
  },
  {
    "id" : "724882d2-5732-4ac3-b890-2a82fe9a5c7e",
    "data" : [
      {
        "text" : "do you have a disaster recovery plan?",
        "userDefined" : false
      }
    ],
    "isTemplate" : false,
    "count" : 0,
    "updated" : 0
  },
  {
    "id" : "e36c3553-fe88-45da-9a33-5259392c6ffe",
    "data" : [
      {
        "text" : "do you have a plan for economic recovery?",
        "userDefined" : false
      }
    ],
    "isTemplate" : false,
    "count" : 0,
    "updated" : 0
  },
  {
    "id" : "699d7e64-4c1c-4286-8e1e-702957c7c682",
    "data" : [
      {
        "text" : "how are you going to cope with coronavirus?",
        "userDefined" : false
      }
    ],
    "isTemplate" : false,
    "count" : 0,
    "updated" : 0
  },
  {
    "id" : "34c7e506-5864-4fb6-bf29-2cce0dab3c3d",
    "data" : [
      {
        "text" : "how are you going to cope with the pandemic?",
        "userDefined" : false
      }
    ],
    "isTemplate" : false,
    "count" : 0,
    "updated" : 0
  },
  {
    "id" : "a8ee0a00-ad6f-4f5f-aa7b-44b70c96cc04",
    "data" : [
      {
        "text" : "how are you keeping staff safe?",
        "userDefined" : false
      }
    ],
    "isTemplate" : false,
    "count" : 0,
    "updated" : 0
  },
  {
    "id" : "136266c9-4eaf-47f6-bc72-8b4e47299e9a",
    "data" : [
      {
        "text" : "how are you protecting your staff?",
        "userDefined" : false
      }
    ],
    "isTemplate" : false,
    "count" : 0,
    "updated" : 0
  },
  {
    "id" : "9117993e-adc5-4120-8352-52d37cbbbe74",
    "data" : [
      {
        "text" : "how are you protecting your workers?",
        "userDefined" : false
      }
    ],
    "isTemplate" : false,
    "count" : 0,
    "updated" : 0
  },
  {
    "id" : "2bca82e9-8d3f-48de-8c0c-9b770324c4b6",
    "data" : [
      {
        "text" : "how does your business plan to recover?",
        "userDefined" : false
      }
    ],
    "isTemplate" : false,
    "count" : 0,
    "updated" : 0
  },
  {
    "id" : "a910473f-2c2d-46d7-b4fa-2b6d906541e7",
    "data" : [
      {
        "text" : "how is the company going to cope with covid19?",
        "userDefined" : false
      }
    ],
    "isTemplate" : false,
    "count" : 0,
    "updated" : 0
  },
  {
    "id" : "4b859ec8-8c1f-4c87-ba7c-135533c8c6cc",
    "data" : [
      {
        "text" : "how will your business recover?",
        "userDefined" : false
      }
    ],
    "isTemplate" : false,
    "count" : 0,
    "updated" : 0
  },
  {
    "id" : "105cb555-0040-4f05-aa01-a5048df66889",
    "data" : [
      {
        "text" : "is the company paying staff even if unwell?",
        "userDefined" : false
      }
    ],
    "isTemplate" : false,
    "count" : 0,
    "updated" : 0
  },
  {
    "id" : "54872e93-91a6-4aa4-8fc4-a9affd38720b",
    "data" : [
      {
        "text" : "is there a continuity plan for coronavirus?",
        "userDefined" : false
      }
    ],
    "isTemplate" : false,
    "count" : 0,
    "updated" : 0
  },
  {
    "id" : "86f797b1-69d6-4cf0-817b-2b25f3caeb8f",
    "data" : [
      {
        "text" : "is there a disaster recovery plan?",
        "userDefined" : false
      }
    ],
    "isTemplate" : false,
    "count" : 0,
    "updated" : 0
  },
  {
    "id" : "3c03e75d-5988-42f1-9347-c30f48e9a2ff",
    "data" : [
      {
        "text" : "what are you doing for business continuity?",
        "userDefined" : false
      }
    ],
    "isTemplate" : false,
    "count" : 0,
    "updated" : 0
  },
  {
    "id" : "b4440bfb-8cdd-47a2-9f48-38ae77c701d2",
    "data" : [
      {
        "text" : "what are you doing if staff are self-isolating?",
        "userDefined" : false
      }
    ],
    "isTemplate" : false,
    "count" : 0,
    "updated" : 0
  },
  {
    "id" : "30ed0e31-275a-452f-b199-2868b9ec630f",
    "data" : [
      {
        "text" : "what are you doing if staff are sick?",
        "userDefined" : false
      }
    ],
    "isTemplate" : false,
    "count" : 0,
    "updated" : 0
  },
  {
    "id" : "24d1de56-0f0a-45b1-9f30-032a110e5e4e",
    "data" : [
      {
        "text" : "what are you doing if staff are unwell?",
        "userDefined" : false
      }
    ],
    "isTemplate" : false,
    "count" : 0,
    "updated" : 0
  },
  {
    "id" : "aec00220-658e-4744-b747-d4e80822103c",
    "data" : [
      {
        "text" : "what are you doing to cope with covid-19?",
        "userDefined" : false
      }
    ],
    "isTemplate" : false,
    "count" : 0,
    "updated" : 0
  },
  {
    "id" : "70533eb2-53f4-4d3a-aa80-7fe49900ae77",
    "data" : [
      {
        "text" : "what are you doing to manage corona at your company?",
        "userDefined" : false
      }
    ],
    "isTemplate" : false,
    "count" : 0,
    "updated" : 0
  },
  {
    "id" : "e15da9b7-1931-47e7-84ce-fead89809931",
    "data" : [
      {
        "text" : "what are your mitigation strategies for coronavirus?",
        "userDefined" : false
      }
    ],
    "isTemplate" : false,
    "count" : 0,
    "updated" : 0
  },
  {
    "id" : "aacc8593-aed7-45ba-ad14-8053e0c98684",
    "data" : [
      {
        "text" : "what are your mitigation strategies?",
        "userDefined" : false
      }
    ],
    "isTemplate" : false,
    "count" : 0,
    "updated" : 0
  },
  {
    "id" : "7cdbcef0-0fb3-4662-8f08-9350907e7901",
    "data" : [
      {
        "text" : "what are your strategies for dealing with coronavirus as a company?",
        "userDefined" : false
      }
    ],
    "isTemplate" : false,
    "count" : 0,
    "updated" : 0
  },
  {
    "id" : "6c043e73-1064-410d-baf5-fdca550a6640",
    "data" : [
      {
        "text" : "what are your strategies for the covid-19 outbreak?",
        "userDefined" : false
      }
    ],
    "isTemplate" : false,
    "count" : 0,
    "updated" : 0
  },
  {
    "id" : "e2d65ce3-bf9a-4684-aeef-f1de2fc67c7f",
    "data" : [
      {
        "text" : "what will do do if staff are sick?",
        "userDefined" : false
      }
    ],
    "isTemplate" : false,
    "count" : 0,
    "updated" : 0
  },
  {
    "id" : "74a5c881-9775-4895-a3c9-855547558cb2",
    "data" : [
      {
        "text" : "what will you do if staff are unwell?",
        "userDefined" : false
      }
    ],
    "isTemplate" : false,
    "count" : 0,
    "updated" : 0
  },
  {
    "id" : "67efa6e8-64f7-439d-9f27-aab2f6afe5e2",
    "data" : [
      {
        "text" : "what will you do so the company can recover more quickly?",
        "userDefined" : false
      }
    ],
    "isTemplate" : false,
    "count" : 0,
    "updated" : 0
  },
  {
    "id" : "968b264e-f7b0-405e-98a4-d24cd2622bf5",
    "data" : [
      {
        "text" : "will you be paying your staff even if unwell?",
        "userDefined" : false
      }
    ],
    "isTemplate" : false,
    "count" : 0,
    "updated" : 0
  },
  {
    "id" : "8fef94fa-5103-492e-a910-14e03b0c7b97",
    "data" : [
      {
        "text" : "will you business recover?",
        "userDefined" : false
      }
    ],
    "isTemplate" : false,
    "count" : 0,
    "updated" : 0
  }
]