[
  {
    "id" : "e3c45ab8-e397-4c52-bb3d-5890a54eb18c",
    "data" : [
      {
        "text" : "are you still able to deliver goods?",
        "userDefined" : false
      }
    ],
    "isTemplate" : false,
    "count" : 0,
    "updated" : 0
  },
  {
    "id" : "90780ffd-18b5-40c7-b62d-a83bf55f619c",
    "data" : [
      {
        "text" : "are you still able to deliver products by post during the pandemic?",
        "userDefined" : false
      }
    ],
    "isTemplate" : false,
    "count" : 0,
    "updated" : 0
  },
  {
    "id" : "afec5497-b1ae-4649-9292-5820d5c6f1af",
    "data" : [
      {
        "text" : "are you still doing deliveries during the outbreak?",
        "userDefined" : false
      }
    ],
    "isTemplate" : false,
    "count" : 0,
    "updated" : 0
  },
  {
    "id" : "db638f00-38e1-46ce-b819-bf61a987a4f9",
    "data" : [
      {
        "text" : "can i order online during the covid-19 outbreak?",
        "userDefined" : false
      }
    ],
    "isTemplate" : false,
    "count" : 0,
    "updated" : 0
  },
  {
    "id" : "ef27239b-d425-462c-9f17-058dcb48fdd6",
    "data" : [
      {
        "text" : "can i order online during the outbreak?",
        "userDefined" : false
      }
    ],
    "isTemplate" : false,
    "count" : 0,
    "updated" : 0
  },
  {
    "id" : "be913975-970c-40dc-b1f9-7fe056fabd36",
    "data" : [
      {
        "text" : "can i order your items online?",
        "userDefined" : false
      }
    ],
    "isTemplate" : false,
    "count" : 0,
    "updated" : 0
  },
  {
    "id" : "a317f37b-aefd-4c60-969b-26e7fe6960d2",
    "data" : [
      {
        "text" : "can i order your products online?",
        "userDefined" : false
      }
    ],
    "isTemplate" : false,
    "count" : 0,
    "updated" : 0
  },
  {
    "id" : "ac5fea80-e93e-492b-a3d3-c1edada8d7b1",
    "data" : [
      {
        "text" : "can i receive deliveries without contact?",
        "userDefined" : false
      }
    ],
    "isTemplate" : false,
    "count" : 0,
    "updated" : 0
  },
  {
    "id" : "f355ccd3-d417-417c-8654-28320a185cff",
    "data" : [
      {
        "text" : "can you deliver with zero contact?",
        "userDefined" : false
      }
    ],
    "isTemplate" : false,
    "count" : 0,
    "updated" : 0
  },
  {
    "id" : "886c117e-08b1-4607-bf2f-535d83b36732",
    "data" : [
      {
        "text" : "can you do contact-free deliveries?",
        "userDefined" : false
      }
    ],
    "isTemplate" : false,
    "count" : 0,
    "updated" : 0
  },
  {
    "id" : "ac460b3e-3982-4d5c-bbab-3e5b2bb33766",
    "data" : [
      {
        "text" : "can you do deliveries by zero-contact post?",
        "userDefined" : false
      }
    ],
    "isTemplate" : false,
    "count" : 0,
    "updated" : 0
  },
  {
    "id" : "01e213c2-f7b9-44ea-85ab-60da5fcb972b",
    "data" : [
      {
        "text" : "can you send your products in the post?",
        "userDefined" : false
      }
    ],
    "isTemplate" : false,
    "count" : 0,
    "updated" : 0
  },
  {
    "id" : "f85160fe-1f4f-4bb4-b116-ff553b952a88",
    "data" : [
      {
        "text" : "can you sent items by post?",
        "userDefined" : false
      }
    ],
    "isTemplate" : false,
    "count" : 0,
    "updated" : 0
  },
  {
    "id" : "28f19c25-9557-4b10-9a1f-19f4ad3a5362",
    "data" : [
      {
        "text" : "can you still deliver goods?",
        "userDefined" : false
      }
    ],
    "isTemplate" : false,
    "count" : 0,
    "updated" : 0
  },
  {
    "id" : "0e49b36a-cd9b-47b6-887a-157e90d1446b",
    "data" : [
      {
        "text" : "do you provide deliveries to people who are isolating?",
        "userDefined" : false
      }
    ],
    "isTemplate" : false,
    "count" : 0,
    "updated" : 0
  },
  {
    "id" : "e44ecc09-d00f-406c-8e5f-bf930d7e47e1",
    "data" : [
      {
        "text" : "do you provide deliveries?",
        "userDefined" : false
      }
    ],
    "isTemplate" : false,
    "count" : 0,
    "updated" : 0
  },
  {
    "id" : "2a1f0312-d901-4ba3-9fde-58198b488d03",
    "data" : [
      {
        "text" : "how does covid-19 affect home delivery services?",
        "userDefined" : false
      }
    ],
    "isTemplate" : false,
    "count" : 0,
    "updated" : 0
  },
  {
    "id" : "a3a83532-a1fc-446b-bc0a-94ee846b30a0",
    "data" : [
      {
        "text" : "how will coronavirus affect your home delivery?",
        "userDefined" : false
      }
    ],
    "isTemplate" : false,
    "count" : 0,
    "updated" : 0
  },
  {
    "id" : "25f13bf0-e13d-4f2e-91c0-d6ac3643f513",
    "data" : [
      {
        "text" : "is corona virus affecting your delivery channels?",
        "userDefined" : false
      }
    ],
    "isTemplate" : false,
    "count" : 0,
    "updated" : 0
  },
  {
    "id" : "771029e6-fc4e-417c-ae79-673ef2bf4caf",
    "data" : [
      {
        "text" : "will covid affect your home delivery services?",
        "userDefined" : false
      }
    ],
    "isTemplate" : false,
    "count" : 0,
    "updated" : 0
  }
]