[
  {
    "id" : "9b7d5371-e296-4846-b3c0-909e2ed96917",
    "data" : [
      {
        "text" : "any changes to your services?",
        "userDefined" : false
      }
    ],
    "isTemplate" : false,
    "count" : 0,
    "updated" : 0
  },
  {
    "id" : "cf13120b-d8f1-4674-9d94-88bc6db2fc52",
    "data" : [
      {
        "text" : "are there any changes to your operations?",
        "userDefined" : false
      }
    ],
    "isTemplate" : false,
    "count" : 0,
    "updated" : 0
  },
  {
    "id" : "2813408c-28ad-43c2-a754-0ac1140cd9a8",
    "data" : [
      {
        "text" : "are there any changes to your services due to coronavirus?",
        "userDefined" : false
      }
    ],
    "isTemplate" : false,
    "count" : 0,
    "updated" : 0
  },
  {
    "id" : "ef6aaaca-7049-4d9c-8b4c-fe2c52131ab3",
    "data" : [
      {
        "text" : "are there any changes to your services?",
        "userDefined" : false
      }
    ],
    "isTemplate" : false,
    "count" : 0,
    "updated" : 0
  },
  {
    "id" : "55da6749-e0d7-4377-9235-ccac1e135dff",
    "data" : [
      {
        "text" : "are you open at different times?",
        "userDefined" : false
      }
    ],
    "isTemplate" : false,
    "count" : 0,
    "updated" : 0
  },
  {
    "id" : "d20baf55-59c4-40d7-b244-7ccc0da1a360",
    "data" : [
      {
        "text" : "are you open the same hours?",
        "userDefined" : false
      }
    ],
    "isTemplate" : false,
    "count" : 0,
    "updated" : 0
  },
  {
    "id" : "e490b8c8-4424-4fb3-b024-be792488115a",
    "data" : [
      {
        "text" : "are you operating as normal?",
        "userDefined" : false
      }
    ],
    "isTemplate" : false,
    "count" : 0,
    "updated" : 0
  },
  {
    "id" : "82105851-1264-4ac1-953c-7a954920080d",
    "data" : [
      {
        "text" : "are you operating at reduced capacity?",
        "userDefined" : false
      }
    ],
    "isTemplate" : false,
    "count" : 0,
    "updated" : 0
  },
  {
    "id" : "b3c8c287-4c2a-40a9-9a80-e1851130f6fd",
    "data" : [
      {
        "text" : "are you still open?",
        "userDefined" : false
      }
    ],
    "isTemplate" : false,
    "count" : 0,
    "updated" : 0
  },
  {
    "id" : "0d5db375-e54a-4835-b50b-caac30ab636f",
    "data" : [
      {
        "text" : "are you still operating at full capacity?",
        "userDefined" : false
      }
    ],
    "isTemplate" : false,
    "count" : 0,
    "updated" : 0
  },
  {
    "id" : "4ba44cb7-7af3-451e-8a8e-a9ce3125c5ea",
    "data" : [
      {
        "text" : "are you still operating business as usual?",
        "userDefined" : false
      }
    ],
    "isTemplate" : false,
    "count" : 0,
    "updated" : 0
  },
  {
    "id" : "3ec03b9d-0417-4fbd-93a2-bbe37f55ea14",
    "data" : [
      {
        "text" : "are your offices closed?",
        "userDefined" : false
      }
    ],
    "isTemplate" : false,
    "count" : 0,
    "updated" : 0
  },
  {
    "id" : "b39e12cc-6732-4302-a98a-c24792b99bc9",
    "data" : [
      {
        "text" : "are your services still available?",
        "userDefined" : false
      }
    ],
    "isTemplate" : false,
    "count" : 0,
    "updated" : 0
  },
  {
    "id" : "8740ee14-5c9b-4824-9313-d8e676802b8c",
    "data" : [
      {
        "text" : "can i expect business as usual?",
        "userDefined" : false
      }
    ],
    "isTemplate" : false,
    "count" : 0,
    "updated" : 0
  },
  {
    "id" : "2e2a49ea-05da-4a55-84ba-89cd7796b54a",
    "data" : [
      {
        "text" : "can i expect coronavirus to cause changes to your service?",
        "userDefined" : false
      }
    ],
    "isTemplate" : false,
    "count" : 0,
    "updated" : 0
  },
  {
    "id" : "68fa57b1-cb2f-4012-a764-6cb47305da22",
    "data" : [
      {
        "text" : "can i expect normal service?",
        "userDefined" : false
      }
    ],
    "isTemplate" : false,
    "count" : 0,
    "updated" : 0
  },
  {
    "id" : "0619b3e8-7223-4079-abfc-52e834b9fec6",
    "data" : [
      {
        "text" : "can i still book a meeting?",
        "userDefined" : false
      }
    ],
    "isTemplate" : false,
    "count" : 0,
    "updated" : 0
  },
  {
    "id" : "8ff2748d-529a-4d0d-9e83-587c3672b275",
    "data" : [
      {
        "text" : "can i use your service with online chat?",
        "userDefined" : false
      }
    ],
    "isTemplate" : false,
    "count" : 0,
    "updated" : 0
  },
  {
    "id" : "5bdf1d12-0283-44c5-94b8-4dd87c5467f3",
    "data" : [
      {
        "text" : "can i use your service with video chat?",
        "userDefined" : false
      }
    ],
    "isTemplate" : false,
    "count" : 0,
    "updated" : 0
  },
  {
    "id" : "92938cf1-0253-4260-93d2-88b6c4297f0c",
    "data" : [
      {
        "text" : "do we have to meet virtually?",
        "userDefined" : false
      }
    ],
    "isTemplate" : false,
    "count" : 0,
    "updated" : 0
  },
  {
    "id" : "27ebce47-a497-44a9-a8e7-71f2a2abb099",
    "data" : [
      {
        "text" : "have you closed your offices due to corona virus?",
        "userDefined" : false
      }
    ],
    "isTemplate" : false,
    "count" : 0,
    "updated" : 0
  },
  {
    "id" : "df668fac-a38a-469a-99c6-ba19ef83d36a",
    "data" : [
      {
        "text" : "have you closed your offices?",
        "userDefined" : false
      }
    ],
    "isTemplate" : false,
    "count" : 0,
    "updated" : 0
  },
  {
    "id" : "bca784b3-564f-4ddc-a9b6-a867baf91c1c",
    "data" : [
      {
        "text" : "how are your operating during the covid-19?",
        "userDefined" : false
      }
    ],
    "isTemplate" : false,
    "count" : 0,
    "updated" : 0
  },
  {
    "id" : "a184acf9-3dcd-4a7d-aa94-fc1d335413f9",
    "data" : [
      {
        "text" : "how can i arrange a meeting?",
        "userDefined" : false
      }
    ],
    "isTemplate" : false,
    "count" : 0,
    "updated" : 0
  },
  {
    "id" : "ec0b9cfa-13ec-42c8-a3f5-23b3d483866e",
    "data" : [
      {
        "text" : "how can we meet virtually?",
        "userDefined" : false
      }
    ],
    "isTemplate" : false,
    "count" : 0,
    "updated" : 0
  },
  {
    "id" : "54ad7b2b-e9b7-4e0f-9a82-43162dffd203",
    "data" : [
      {
        "text" : "is it still operating business as usual?",
        "userDefined" : false
      }
    ],
    "isTemplate" : false,
    "count" : 0,
    "updated" : 0
  },
  {
    "id" : "11d32ef1-09c2-402d-a6de-cab0bb88f257",
    "data" : [
      {
        "text" : "is the company currently active?",
        "userDefined" : false
      }
    ],
    "isTemplate" : false,
    "count" : 0,
    "updated" : 0
  },
  {
    "id" : "a1b66d2f-29ee-4b43-8399-90f1e2efedf0",
    "data" : [
      {
        "text" : "is the company currently operating?",
        "userDefined" : false
      }
    ],
    "isTemplate" : false,
    "count" : 0,
    "updated" : 0
  },
  {
    "id" : "443e16de-dc24-488e-8955-ea3d6ee9b656",
    "data" : [
      {
        "text" : "is the office still open?",
        "userDefined" : false
      }
    ],
    "isTemplate" : false,
    "count" : 0,
    "updated" : 0
  },
  {
    "id" : "10ea5a4c-514d-4a30-b692-63c88a2ea92b",
    "data" : [
      {
        "text" : "is video chat available?",
        "userDefined" : false
      }
    ],
    "isTemplate" : false,
    "count" : 0,
    "updated" : 0
  },
  {
    "id" : "58d7447e-bea1-4fef-951a-c56d238a5f9a",
    "data" : [
      {
        "text" : "is your company currently open active",
        "userDefined" : false
      }
    ],
    "isTemplate" : false,
    "count" : 0,
    "updated" : 0
  },
  {
    "id" : "632dd480-d911-4262-a91a-8956ab6fddbe",
    "data" : [
      {
        "text" : "is your office still open?",
        "userDefined" : false
      }
    ],
    "isTemplate" : false,
    "count" : 0,
    "updated" : 0
  },
  {
    "id" : "643a1088-d490-4db7-99ff-3348518f8b8e",
    "data" : [
      {
        "text" : "will the office still be open?",
        "userDefined" : false
      }
    ],
    "isTemplate" : false,
    "count" : 0,
    "updated" : 0
  },
  {
    "id" : "84231389-f12c-4499-95d5-1bad85940b6f",
    "data" : [
      {
        "text" : "will you continue operating as usual?",
        "userDefined" : false
      }
    ],
    "isTemplate" : false,
    "count" : 0,
    "updated" : 0
  },
  {
    "id" : "f23b82c8-d19c-4d2a-8707-996df68a57ca",
    "data" : [
      {
        "text" : "will you continue operating?",
        "userDefined" : false
      }
    ],
    "isTemplate" : false,
    "count" : 0,
    "updated" : 0
  },
  {
    "id" : "db56659b-3fa5-4b86-8bba-6ec918fa8ac2",
    "data" : [
      {
        "text" : "will you continue to work business as usual?",
        "userDefined" : false
      }
    ],
    "isTemplate" : false,
    "count" : 0,
    "updated" : 0
  }
]