[
  {
    "id" : "fe4aecbe-c34a-4788-9a1f-e023fd77cbc5",
    "data" : [
      {
        "text" : "a wood chuck can't chuck any kind of wood",
        "userDefined" : false
      }
    ],
    "isTemplate" : false,
    "count" : 0,
    "updated" : 0
  },
  {
    "id" : "da65e25d-f990-425a-9f74-dba1c38b2095",
    "data" : [
      {
        "text" : "a wood chuck can't chuck wood",
        "userDefined" : false
      }
    ],
    "isTemplate" : false,
    "count" : 0,
    "updated" : 0
  },
  {
    "id" : "1721bb8c-96e6-4bfc-a650-a0e3544c782f",
    "data" : [
      {
        "text" : "are you wearing anything?",
        "userDefined" : false
      }
    ],
    "isTemplate" : false,
    "count" : 0,
    "updated" : 0
  },
  {
    "id" : "423e1646-0fb3-4f3b-9d07-453494f2fd37",
    "data" : [
      {
        "text" : "can i arrange a taxi",
        "userDefined" : false
      }
    ],
    "isTemplate" : false,
    "count" : 0,
    "updated" : 0
  },
  {
    "id" : "ab8c54a7-8da5-47de-8c1e-052d989c6438",
    "data" : [
      {
        "text" : "can i book a taxi?",
        "userDefined" : false
      }
    ],
    "isTemplate" : false,
    "count" : 0,
    "updated" : 0
  },
  {
    "id" : "30ac777a-63eb-4241-ba73-70ed700aed75",
    "data" : [
      {
        "text" : "can i order a pizza?",
        "userDefined" : false
      }
    ],
    "isTemplate" : false,
    "count" : 0,
    "updated" : 0
  },
  {
    "id" : "43c980a6-1073-4e11-928a-2ddc668df970",
    "data" : [
      {
        "text" : "give quiche a chance",
        "userDefined" : false
      }
    ],
    "isTemplate" : false,
    "count" : 0,
    "updated" : 0
  },
  {
    "id" : "0848325a-1e39-4574-bf84-46128e87a4ed",
    "data" : [
      {
        "text" : "how much wood could a wood chuck chuck if a wood chuck would chuck wood?",
        "userDefined" : false
      }
    ],
    "isTemplate" : false,
    "count" : 0,
    "updated" : 0
  },
  {
    "id" : "c1d607ce-f937-47ce-af37-f109eca701de",
    "data" : [
      {
        "text" : "i am heavy weapons guy and this is my weapon",
        "userDefined" : false
      }
    ],
    "isTemplate" : false,
    "count" : 0,
    "updated" : 0
  },
  {
    "id" : "8f548e96-671b-4d70-b859-996c667fc6e1",
    "data" : [
      {
        "text" : "i need a taxi",
        "userDefined" : false
      }
    ],
    "isTemplate" : false,
    "count" : 0,
    "updated" : 0
  },
  {
    "id" : "38de5306-9cff-456e-98ab-3be97b3e654e",
    "data" : [
      {
        "text" : "i want a pepperoni pizza",
        "userDefined" : false
      }
    ],
    "isTemplate" : false,
    "count" : 0,
    "updated" : 0
  },
  {
    "id" : "eba15b51-21b9-4277-a0b6-75e154aef320",
    "data" : [
      {
        "text" : "i want to order a pizza",
        "userDefined" : false
      }
    ],
    "isTemplate" : false,
    "count" : 0,
    "updated" : 0
  },
  {
    "id" : "14d83615-b13b-4a26-8c51-641f3fda1297",
    "data" : [
      {
        "text" : "i'd like a pizza please",
        "userDefined" : false
      }
    ],
    "isTemplate" : false,
    "count" : 0,
    "updated" : 0
  },
  {
    "id" : "ae138d10-1a81-411d-a367-e83c4dd69b57",
    "data" : [
      {
        "text" : "i'm all out of bubblegum",
        "userDefined" : false
      }
    ],
    "isTemplate" : false,
    "count" : 0,
    "updated" : 0
  },
  {
    "id" : "a2c3bc12-6609-4af5-aa85-89079e5cd6be",
    "data" : [
      {
        "text" : "i'm asking you to marry me",
        "userDefined" : false
      }
    ],
    "isTemplate" : false,
    "count" : 0,
    "updated" : 0
  },
  {
    "id" : "079e996a-5fcd-4ac4-9e8b-c6c371c7bb27",
    "data" : [
      {
        "text" : "it's an albany expression",
        "userDefined" : false
      }
    ],
    "isTemplate" : false,
    "count" : 0,
    "updated" : 0
  },
  {
    "id" : "a62f88ad-df0a-46b0-b22d-71b3e567fd90",
    "data" : [
      {
        "text" : "marry me",
        "userDefined" : false
      }
    ],
    "isTemplate" : false,
    "count" : 0,
    "updated" : 0
  },
  {
    "id" : "fbc1a59a-ba3e-4c39-9b57-479b832290a6",
    "data" : [
      {
        "text" : "now i have a machine gun ho-ho-ho!",
        "userDefined" : false
      }
    ],
    "isTemplate" : false,
    "count" : 0,
    "updated" : 0
  },
  {
    "id" : "f35fcf1f-709f-46aa-981c-947b8f984e44",
    "data" : [
      {
        "text" : "please marry me",
        "userDefined" : false
      }
    ],
    "isTemplate" : false,
    "count" : 0,
    "updated" : 0
  },
  {
    "id" : "4d62f1cd-0641-463d-885c-ed992c9e38dc",
    "data" : [
      {
        "text" : "tell me what you're wearing?",
        "userDefined" : false
      }
    ],
    "isTemplate" : false,
    "count" : 0,
    "updated" : 0
  },
  {
    "id" : "25252c23-266e-4933-a263-0a343fb664d3",
    "data" : [
      {
        "text" : "trial by stone!",
        "userDefined" : false
      }
    ],
    "isTemplate" : false,
    "count" : 0,
    "updated" : 0
  },
  {
    "id" : "abc78842-933b-4c60-a4b0-8151fca4eaca",
    "data" : [
      {
        "text" : "what are you wearing?",
        "userDefined" : false
      }
    ],
    "isTemplate" : false,
    "count" : 0,
    "updated" : 0
  },
  {
    "id" : "1712a725-9aa7-402a-8d4e-cb8d68a341d4",
    "data" : [
      {
        "text" : "will you marry me?",
        "userDefined" : false
      }
    ],
    "isTemplate" : false,
    "count" : 0,
    "updated" : 0
  },
  {
    "id" : "f73fc328-6cbb-4dea-a226-df6bd658c0c8",
    "data" : [
      {
        "text" : "you come to me on the day of my daughter's wedding",
        "userDefined" : false
      }
    ],
    "isTemplate" : false,
    "count" : 0,
    "updated" : 0
  },
  {
    "id" : "7bf9ca25-25dd-42f0-9b5e-8e6d6f446bdd",
    "data" : [
      {
        "text" : "you don't win friends with salad",
        "userDefined" : false
      }
    ],
    "isTemplate" : false,
    "count" : 0,
    "updated" : 0
  },
  {
    "id" : "ff139b38-197d-4949-96e6-f4bd89987d50",
    "data" : [
      {
        "text" : "you're going to need a bigger boat",
        "userDefined" : false
      }
    ],
    "isTemplate" : false,
    "count" : 0,
    "updated" : 0
  }
]