[
  {
    "id" : "363e5c2a-4a3c-4528-a6e1-ee8a964e9067",
    "data" : [
      {
        "text" : "can a virus change over time?",
        "userDefined" : false
      }
    ],
    "isTemplate" : false,
    "count" : 0,
    "updated" : 0
  },
  {
    "id" : "250c35a4-7793-4734-9116-ee359005897b",
    "data" : [
      {
        "text" : "can covid-19 mutate over time?",
        "userDefined" : false
      }
    ],
    "isTemplate" : false,
    "count" : 0,
    "updated" : 0
  },
  {
    "id" : "681ac4f4-0b23-4e95-b492-81927ac93b6e",
    "data" : [
      {
        "text" : "could coronavirus come back in the summer or winter?",
        "userDefined" : false
      }
    ],
    "isTemplate" : false,
    "count" : 0,
    "updated" : 0
  },
  {
    "id" : "af29de72-f61d-4871-94aa-9e01ece130c5",
    "data" : [
      {
        "text" : "could it return in the autumn?",
        "userDefined" : false
      }
    ],
    "isTemplate" : false,
    "count" : 0,
    "updated" : 0
  },
  {
    "id" : "f642f900-51cb-41a3-85eb-8e0176c4daf3",
    "data" : [
      {
        "text" : "could this still be going on next year?",
        "userDefined" : false
      }
    ],
    "isTemplate" : false,
    "count" : 0,
    "updated" : 0
  },
  {
    "id" : "a1bf45ae-213a-42aa-be70-8f68b032c6dc",
    "data" : [
      {
        "text" : "how does a pandemic progress?",
        "userDefined" : false
      }
    ],
    "isTemplate" : false,
    "count" : 0,
    "updated" : 0
  },
  {
    "id" : "ae5136ec-2590-4a62-b22e-fbccc3a7372c",
    "data" : [
      {
        "text" : "how does a viral outbreak progress?",
        "userDefined" : false
      }
    ],
    "isTemplate" : false,
    "count" : 0,
    "updated" : 0
  },
  {
    "id" : "f9b0dcbd-b420-4e0a-9e68-14db870d2138",
    "data" : [
      {
        "text" : "how does an outbreak progress?",
        "userDefined" : false
      }
    ],
    "isTemplate" : false,
    "count" : 0,
    "updated" : 0
  },
  {
    "id" : "74d88932-9680-41f8-9c86-22198e2c3676",
    "data" : [
      {
        "text" : "how long does a pandemic last?",
        "userDefined" : false
      }
    ],
    "isTemplate" : false,
    "count" : 0,
    "updated" : 0
  },
  {
    "id" : "77598ef1-30ae-40bb-a063-3fb68c1ea8e1",
    "data" : [
      {
        "text" : "how long does it take for a pandemic to last?",
        "userDefined" : false
      }
    ],
    "isTemplate" : false,
    "count" : 0,
    "updated" : 0
  },
  {
    "id" : "a7310573-17f9-4700-abd6-0a7d6001bfb1",
    "data" : [
      {
        "text" : "how long has the pandemic been going on",
        "userDefined" : false
      }
    ],
    "isTemplate" : false,
    "count" : 0,
    "updated" : 0
  },
  {
    "id" : "7fd4e475-b1df-4b8f-9bfe-b09559448c21",
    "data" : [
      {
        "text" : "how long has this been going on for?",
        "userDefined" : false
      }
    ],
    "isTemplate" : false,
    "count" : 0,
    "updated" : 0
  },
  {
    "id" : "347d9782-e9bd-4065-971a-62a770f34755",
    "data" : [
      {
        "text" : "how long will a pandemic last?",
        "userDefined" : false
      }
    ],
    "isTemplate" : false,
    "count" : 0,
    "updated" : 0
  },
  {
    "id" : "027d92a9-fcd9-49cc-b9f7-d2d00cfde8ba",
    "data" : [
      {
        "text" : "how long will the be a pandemic?",
        "userDefined" : false
      }
    ],
    "isTemplate" : false,
    "count" : 0,
    "updated" : 0
  },
  {
    "id" : "c66a0ede-d19f-41eb-a567-f96b7465dd3e",
    "data" : [
      {
        "text" : "how long will the coronavirus outbreak last?",
        "userDefined" : false
      }
    ],
    "isTemplate" : false,
    "count" : 0,
    "updated" : 0
  },
  {
    "id" : "9e6264ec-9ce6-4332-9ce2-9d6bd4000ef7",
    "data" : [
      {
        "text" : "how long will this outbreak last?",
        "userDefined" : false
      }
    ],
    "isTemplate" : false,
    "count" : 0,
    "updated" : 0
  },
  {
    "id" : "0529f68f-9d5d-4e07-961c-bdafbccc5d26",
    "data" : [
      {
        "text" : "how many months can we expect this to last?",
        "userDefined" : false
      }
    ],
    "isTemplate" : false,
    "count" : 0,
    "updated" : 0
  },
  {
    "id" : "93ff1066-8c49-472e-896c-6c735beb011f",
    "data" : [
      {
        "text" : "how many months has coronavirus been going on for?",
        "userDefined" : false
      }
    ],
    "isTemplate" : false,
    "count" : 0,
    "updated" : 0
  },
  {
    "id" : "251bdb0d-dd0f-4a20-8c0d-8e2df585a81b",
    "data" : [
      {
        "text" : "how many months will this continue?",
        "userDefined" : false
      }
    ],
    "isTemplate" : false,
    "count" : 0,
    "updated" : 0
  },
  {
    "id" : "331185f9-d415-419b-9213-eebbe0a3bc80",
    "data" : [
      {
        "text" : "how many months will this pandemic last?",
        "userDefined" : false
      }
    ],
    "isTemplate" : false,
    "count" : 0,
    "updated" : 0
  },
  {
    "id" : "3b7b46c9-adab-45d0-bf22-b98aee4168bb",
    "data" : [
      {
        "text" : "how will covid-19 progress over time?",
        "userDefined" : false
      }
    ],
    "isTemplate" : false,
    "count" : 0,
    "updated" : 0
  },
  {
    "id" : "a26c5c06-5e74-48ab-bee1-31265a3e110a",
    "data" : [
      {
        "text" : "how will the virus change over time?",
        "userDefined" : false
      }
    ],
    "isTemplate" : false,
    "count" : 0,
    "updated" : 0
  },
  {
    "id" : "dc441a1d-1da5-419e-a48e-465397b0570c",
    "data" : [
      {
        "text" : "how will the virus mutate?",
        "userDefined" : false
      }
    ],
    "isTemplate" : false,
    "count" : 0,
    "updated" : 0
  },
  {
    "id" : "c0324116-299b-4f9d-b6ab-ba1bd0563f4a",
    "data" : [
      {
        "text" : "how will things have changes in a year?",
        "userDefined" : false
      }
    ],
    "isTemplate" : false,
    "count" : 0,
    "updated" : 0
  },
  {
    "id" : "9780c0e7-fac7-4e58-befc-aa12ce203c17",
    "data" : [
      {
        "text" : "is a virus better in summer?",
        "userDefined" : false
      }
    ],
    "isTemplate" : false,
    "count" : 0,
    "updated" : 0
  },
  {
    "id" : "39e44425-8a45-408c-9294-13d3d7fefabc",
    "data" : [
      {
        "text" : "is corona virus worse in winter or summer?",
        "userDefined" : false
      }
    ],
    "isTemplate" : false,
    "count" : 0,
    "updated" : 0
  },
  {
    "id" : "5771187b-7533-41f9-b543-579f10d8f877",
    "data" : [
      {
        "text" : "what will be happening in a months time",
        "userDefined" : false
      }
    ],
    "isTemplate" : false,
    "count" : 0,
    "updated" : 0
  },
  {
    "id" : "db32c465-69fb-441e-a2d5-0baf14bd0ce0",
    "data" : [
      {
        "text" : "what will be happening in a week",
        "userDefined" : false
      }
    ],
    "isTemplate" : false,
    "count" : 0,
    "updated" : 0
  },
  {
    "id" : "37d43788-5a2f-4462-83be-b11548c393a3",
    "data" : [
      {
        "text" : "what will happen next year?",
        "userDefined" : false
      }
    ],
    "isTemplate" : false,
    "count" : 0,
    "updated" : 0
  },
  {
    "id" : "36d53d76-78e9-4379-b9e8-1f32bbabb460",
    "data" : [
      {
        "text" : "when can we go back to normal?",
        "userDefined" : false
      }
    ],
    "isTemplate" : false,
    "count" : 0,
    "updated" : 0
  },
  {
    "id" : "f84c9505-1d69-48dc-9e44-22e53483a2b6",
    "data" : [
      {
        "text" : "when will life go back to normal?",
        "userDefined" : false
      }
    ],
    "isTemplate" : false,
    "count" : 0,
    "updated" : 0
  },
  {
    "id" : "376e95f8-0cd7-47b6-9e25-a5b253895236",
    "data" : [
      {
        "text" : "when will things go back to normal?",
        "userDefined" : false
      }
    ],
    "isTemplate" : false,
    "count" : 0,
    "updated" : 0
  },
  {
    "id" : "6eeef15c-5e40-479d-93c1-b69b6906942f",
    "data" : [
      {
        "text" : "when will this be over?",
        "userDefined" : false
      }
    ],
    "isTemplate" : false,
    "count" : 0,
    "updated" : 0
  },
  {
    "id" : "0e055554-a5dd-4db0-a7a9-0cf9c07f3442",
    "data" : [
      {
        "text" : "will corona virus ever go away?",
        "userDefined" : false
      }
    ],
    "isTemplate" : false,
    "count" : 0,
    "updated" : 0
  },
  {
    "id" : "735493ee-0f82-44e4-888d-aee649e6fed0",
    "data" : [
      {
        "text" : "will it get worse again in the autumn?",
        "userDefined" : false
      }
    ],
    "isTemplate" : false,
    "count" : 0,
    "updated" : 0
  },
  {
    "id" : "a8239bb6-114c-4f41-9911-9c901ee969df",
    "data" : [
      {
        "text" : "will the outbreak be over soon?",
        "userDefined" : false
      }
    ],
    "isTemplate" : false,
    "count" : 0,
    "updated" : 0
  },
  {
    "id" : "5d8d2194-9d28-4558-9ebe-53874b533cf6",
    "data" : [
      {
        "text" : "will the pandemic last years?",
        "userDefined" : false
      }
    ],
    "isTemplate" : false,
    "count" : 0,
    "updated" : 0
  },
  {
    "id" : "350953fa-3004-4a27-88cc-95c29be9298b",
    "data" : [
      {
        "text" : "will the situation change in a few weeks?",
        "userDefined" : false
      }
    ],
    "isTemplate" : false,
    "count" : 0,
    "updated" : 0
  },
  {
    "id" : "683066f5-f492-487b-adb5-9e7353ac026e",
    "data" : [
      {
        "text" : "will the situation have changed in a month?",
        "userDefined" : false
      }
    ],
    "isTemplate" : false,
    "count" : 0,
    "updated" : 0
  },
  {
    "id" : "30b60208-5861-4c48-9712-5334c0ac6d99",
    "data" : [
      {
        "text" : "will the virus go away?",
        "userDefined" : false
      }
    ],
    "isTemplate" : false,
    "count" : 0,
    "updated" : 0
  },
  {
    "id" : "01b64d3c-667f-47b3-9747-677efc01215c",
    "data" : [
      {
        "text" : "will things be different in a month?",
        "userDefined" : false
      }
    ],
    "isTemplate" : false,
    "count" : 0,
    "updated" : 0
  },
  {
    "id" : "bcd52489-547b-4659-be77-ee515a54b6aa",
    "data" : [
      {
        "text" : "will things be different next week?",
        "userDefined" : false
      }
    ],
    "isTemplate" : false,
    "count" : 0,
    "updated" : 0
  },
  {
    "id" : "07d09d35-5fb5-484b-ab38-f69368225feb",
    "data" : [
      {
        "text" : "will things improve in the spring?",
        "userDefined" : false
      }
    ],
    "isTemplate" : false,
    "count" : 0,
    "updated" : 0
  },
  {
    "id" : "b3a62b27-fcf4-4f23-9b96-86eb0a173786",
    "data" : [
      {
        "text" : "will things improve in the summer?",
        "userDefined" : false
      }
    ],
    "isTemplate" : false,
    "count" : 0,
    "updated" : 0
  },
  {
    "id" : "e1fc06d3-e9e3-479f-a7b3-b032bec1e4ed",
    "data" : [
      {
        "text" : "will this continue into autumn?",
        "userDefined" : false
      }
    ],
    "isTemplate" : false,
    "count" : 0,
    "updated" : 0
  },
  {
    "id" : "770e2180-6c1f-4a28-b25e-5f97484718e9",
    "data" : [
      {
        "text" : "will this continue into next winter?",
        "userDefined" : false
      }
    ],
    "isTemplate" : false,
    "count" : 0,
    "updated" : 0
  },
  {
    "id" : "32b58ce0-7284-4f00-bd1a-8c293eb0b2a1",
    "data" : [
      {
        "text" : "will this continue into next year",
        "userDefined" : false
      }
    ],
    "isTemplate" : false,
    "count" : 0,
    "updated" : 0
  }
]