[
  {
    "id" : "59b63328-07c5-4720-b8fe-b9a55749e1c3",
    "data" : [
      {
        "text" : "am i going to die contracting it?",
        "userDefined" : false
      }
    ],
    "isTemplate" : false,
    "count" : 0,
    "updated" : 0
  },
  {
    "id" : "0969197e-b374-474e-af64-13ec45337ca3",
    "data" : [
      {
        "text" : "am i going to need hospital treatment?",
        "userDefined" : false
      }
    ],
    "isTemplate" : false,
    "count" : 0,
    "updated" : 0
  },
  {
    "id" : "e3b3cbb3-56c9-4682-9de4-3c16393a78b1",
    "data" : [
      {
        "text" : "are aches a symptom?",
        "userDefined" : false
      }
    ],
    "isTemplate" : false,
    "count" : 0,
    "updated" : 0
  },
  {
    "id" : "4b8f3057-cd70-4955-8e1c-bce0bb3018b3",
    "data" : [
      {
        "text" : "are the symptoms serious?",
        "userDefined" : false
      }
    ],
    "isTemplate" : false,
    "count" : 0,
    "updated" : 0
  },
  {
    "id" : "de58ab02-c041-4eab-ab3b-b9820f78a447",
    "data" : [
      {
        "text" : "can i still have it but have no symptoms?",
        "userDefined" : false
      }
    ],
    "isTemplate" : false,
    "count" : 0,
    "updated" : 0
  },
  {
    "id" : "d7fb2651-4b7d-4e15-90e1-1a8705ac535e",
    "data" : [
      {
        "text" : "can people die from contracting it?",
        "userDefined" : false
      }
    ],
    "isTemplate" : false,
    "count" : 0,
    "updated" : 0
  },
  {
    "id" : "ce4850e8-2851-4cff-b9ed-6c058da9463b",
    "data" : [
      {
        "text" : "can there be complications from covid-19 symptoms?",
        "userDefined" : false
      }
    ],
    "isTemplate" : false,
    "count" : 0,
    "updated" : 0
  },
  {
    "id" : "4fa7c4ce-8326-431e-a455-e18cc2ad1571",
    "data" : [
      {
        "text" : "can we die from contracting coronavirus?",
        "userDefined" : false
      }
    ],
    "isTemplate" : false,
    "count" : 0,
    "updated" : 0
  },
  {
    "id" : "472aca06-7d0c-4337-bd54-c96553f4a8a7",
    "data" : [
      {
        "text" : "can we die from contracting covid-19?",
        "userDefined" : false
      }
    ],
    "isTemplate" : false,
    "count" : 0,
    "updated" : 0
  },
  {
    "id" : "2ef65136-3a99-4e0f-a612-640a8d454f4c",
    "data" : [
      {
        "text" : "can you be infected and not show any symptoms?",
        "userDefined" : false
      }
    ],
    "isTemplate" : false,
    "count" : 0,
    "updated" : 0
  },
  {
    "id" : "ca360945-ffb4-4151-82ce-45cc3e1f9491",
    "data" : [
      {
        "text" : "can you tell me what the symptoms are?",
        "userDefined" : false
      }
    ],
    "isTemplate" : false,
    "count" : 0,
    "updated" : 0
  },
  {
    "id" : "86783838-0590-4a3f-a76f-dcfbc711eb54",
    "data" : [
      {
        "text" : "could i be carrying coronavirus if i don't have symptoms?",
        "userDefined" : false
      }
    ],
    "isTemplate" : false,
    "count" : 0,
    "updated" : 0
  },
  {
    "id" : "fdcc7f3f-09da-412b-93b9-f45523c02501",
    "data" : [
      {
        "text" : "does everyone have symptoms?",
        "userDefined" : false
      }
    ],
    "isTemplate" : false,
    "count" : 0,
    "updated" : 0
  },
  {
    "id" : "f2b8eece-4776-4021-86ed-05b14f1f0ac4",
    "data" : [
      {
        "text" : "how badly should i be coughing?",
        "userDefined" : false
      }
    ],
    "isTemplate" : false,
    "count" : 0,
    "updated" : 0
  },
  {
    "id" : "ac3fc2a9-1ad9-44fd-856e-76e20911a543",
    "data" : [
      {
        "text" : "how can i identify the symptoms of corona virus?",
        "userDefined" : false
      }
    ],
    "isTemplate" : false,
    "count" : 0,
    "updated" : 0
  },
  {
    "id" : "0583ed1f-01ab-4835-ba42-6bc375c037bc",
    "data" : [
      {
        "text" : "how can i tell if i have corona virus?",
        "userDefined" : false
      }
    ],
    "isTemplate" : false,
    "count" : 0,
    "updated" : 0
  },
  {
    "id" : "3d5b6251-cdaa-498f-8698-4b994e06352c",
    "data" : [
      {
        "text" : "how can i tell if i have the symptoms?",
        "userDefined" : false
      }
    ],
    "isTemplate" : false,
    "count" : 0,
    "updated" : 0
  },
  {
    "id" : "a5c140c9-91c0-41c9-9228-f1e1ea367887",
    "data" : [
      {
        "text" : "how can i tell it's corona virus?",
        "userDefined" : false
      }
    ],
    "isTemplate" : false,
    "count" : 0,
    "updated" : 0
  },
  {
    "id" : "da000915-ea19-4dd5-8ae3-d7ac1e582f84",
    "data" : [
      {
        "text" : "how do i know i have covid-19?",
        "userDefined" : false
      }
    ],
    "isTemplate" : false,
    "count" : 0,
    "updated" : 0
  },
  {
    "id" : "ec8bb06f-034c-4115-86dc-33aee99cc685",
    "data" : [
      {
        "text" : "how do i know i might be a carrier?",
        "userDefined" : false
      }
    ],
    "isTemplate" : false,
    "count" : 0,
    "updated" : 0
  },
  {
    "id" : "6bec009c-6a43-4e14-8643-842ffd3bdb1e",
    "data" : [
      {
        "text" : "how do i know i might have it?",
        "userDefined" : false
      }
    ],
    "isTemplate" : false,
    "count" : 0,
    "updated" : 0
  },
  {
    "id" : "30b81aa5-7d6f-408c-af5b-4bf7eae1a144",
    "data" : [
      {
        "text" : "how do i know if i have it?",
        "userDefined" : false
      }
    ],
    "isTemplate" : false,
    "count" : 0,
    "updated" : 0
  },
  {
    "id" : "0a2748be-c0cf-4644-a5d3-453ce7038f7f",
    "data" : [
      {
        "text" : "how do i know if i need hospital treatment?",
        "userDefined" : false
      }
    ],
    "isTemplate" : false,
    "count" : 0,
    "updated" : 0
  },
  {
    "id" : "c35823a0-17f6-456b-a8be-6d5a50bed1bd",
    "data" : [
      {
        "text" : "how do i know if i'm a carrier of covid-19?",
        "userDefined" : false
      }
    ],
    "isTemplate" : false,
    "count" : 0,
    "updated" : 0
  },
  {
    "id" : "30186632-9687-4a71-a304-1e7582b78748",
    "data" : [
      {
        "text" : "how do i know if i've caught coronavirus?",
        "userDefined" : false
      }
    ],
    "isTemplate" : false,
    "count" : 0,
    "updated" : 0
  },
  {
    "id" : "5d20880a-9949-4580-80e8-83ccf5037157",
    "data" : [
      {
        "text" : "how does covid-19 affect your body?",
        "userDefined" : false
      }
    ],
    "isTemplate" : false,
    "count" : 0,
    "updated" : 0
  },
  {
    "id" : "2f7d6602-58a4-4164-82c8-359618bc5879",
    "data" : [
      {
        "text" : "how high does my fever have to be for me to go to hospital?",
        "userDefined" : false
      }
    ],
    "isTemplate" : false,
    "count" : 0,
    "updated" : 0
  },
  {
    "id" : "9ad28ba3-dcf9-4035-b338-1063a6d153ab",
    "data" : [
      {
        "text" : "how is your body affected by corona?",
        "userDefined" : false
      }
    ],
    "isTemplate" : false,
    "count" : 0,
    "updated" : 0
  },
  {
    "id" : "24a8e5c8-f666-4cff-ae2f-ce7d3b465a27",
    "data" : [
      {
        "text" : "how long do i have to be sick for before i can go to a clinic?",
        "userDefined" : false
      }
    ],
    "isTemplate" : false,
    "count" : 0,
    "updated" : 0
  },
  {
    "id" : "a2c1a06d-99ef-4c89-bcdd-8d9dd51b40d9",
    "data" : [
      {
        "text" : "how long should i have a fever for?",
        "userDefined" : false
      }
    ],
    "isTemplate" : false,
    "count" : 0,
    "updated" : 0
  },
  {
    "id" : "c7a2709f-bb6c-4ad6-b76a-0061c0669fcb",
    "data" : [
      {
        "text" : "how severe do my symptoms have to be before i go to hospital?",
        "userDefined" : false
      }
    ],
    "isTemplate" : false,
    "count" : 0,
    "updated" : 0
  },
  {
    "id" : "65f8bdea-8f4e-43db-9852-e52afbde4915",
    "data" : [
      {
        "text" : "i'm coughing, what should i do?",
        "userDefined" : false
      }
    ],
    "isTemplate" : false,
    "count" : 0,
    "updated" : 0
  },
  {
    "id" : "e481ae12-62e6-4b17-97ec-8659eb6f6ad5",
    "data" : [
      {
        "text" : "is a symptom?",
        "userDefined" : false
      }
    ],
    "isTemplate" : false,
    "count" : 0,
    "updated" : 0
  },
  {
    "id" : "74041a56-dbb6-4145-849b-7e26a87ba247",
    "data" : [
      {
        "text" : "is coughing a symptom of the disease?",
        "userDefined" : false
      }
    ],
    "isTemplate" : false,
    "count" : 0,
    "updated" : 0
  },
  {
    "id" : "d56d1fd4-23eb-4c4c-81b1-61a6125f6e71",
    "data" : [
      {
        "text" : "is joint pain a symptom?",
        "userDefined" : false
      }
    ],
    "isTemplate" : false,
    "count" : 0,
    "updated" : 0
  },
  {
    "id" : "a526f11d-9891-48bd-8c69-f4e6cee85bd6",
    "data" : [
      {
        "text" : "should i go to a health centre if i have symptoms?",
        "userDefined" : false
      }
    ],
    "isTemplate" : false,
    "count" : 0,
    "updated" : 0
  },
  {
    "id" : "f78e434d-4cc4-481b-b0b0-f9c52c035596",
    "data" : [
      {
        "text" : "what are the effects of the virus on your body?",
        "userDefined" : false
      }
    ],
    "isTemplate" : false,
    "count" : 0,
    "updated" : 0
  },
  {
    "id" : "5cec1365-27ad-4670-8d58-e94e6aa08cab",
    "data" : [
      {
        "text" : "what are the signs and symptoms?",
        "userDefined" : false
      }
    ],
    "isTemplate" : false,
    "count" : 0,
    "updated" : 0
  },
  {
    "id" : "d0933629-14c4-49b2-9675-2bd4246b1343",
    "data" : [
      {
        "text" : "what are the signs of corona virus?",
        "userDefined" : false
      }
    ],
    "isTemplate" : false,
    "count" : 0,
    "updated" : 0
  },
  {
    "id" : "602d2bd1-9c3a-44b3-944a-0ef9c7d92acb",
    "data" : [
      {
        "text" : "what are the signs of covid-19?",
        "userDefined" : false
      }
    ],
    "isTemplate" : false,
    "count" : 0,
    "updated" : 0
  },
  {
    "id" : "78ec085d-5461-40ac-988d-0a9373c25881",
    "data" : [
      {
        "text" : "what are the signs?",
        "userDefined" : false
      }
    ],
    "isTemplate" : false,
    "count" : 0,
    "updated" : 0
  },
  {
    "id" : "b82fcec5-82a3-47ac-b9d4-afcd0e819692",
    "data" : [
      {
        "text" : "what are the symptoms?",
        "userDefined" : false
      }
    ],
    "isTemplate" : false,
    "count" : 0,
    "updated" : 0
  },
  {
    "id" : "53b5726b-8814-45a5-9f83-1cae7b0a56c2",
    "data" : [
      {
        "text" : "what counts as a high temperature?",
        "userDefined" : false
      }
    ],
    "isTemplate" : false,
    "count" : 0,
    "updated" : 0
  },
  {
    "id" : "90464e5f-5ecc-4264-acb0-6957e23874b9",
    "data" : [
      {
        "text" : "what do aches and pains mean?",
        "userDefined" : false
      }
    ],
    "isTemplate" : false,
    "count" : 0,
    "updated" : 0
  },
  {
    "id" : "851bfb3c-5800-41ef-be96-965fa825ad26",
    "data" : [
      {
        "text" : "what do the symptoms look like?",
        "userDefined" : false
      }
    ],
    "isTemplate" : false,
    "count" : 0,
    "updated" : 0
  },
  {
    "id" : "68e2ea92-2134-4823-b826-0ef0b920f266",
    "data" : [
      {
        "text" : "what does asymptomatic mean?",
        "userDefined" : false
      }
    ],
    "isTemplate" : false,
    "count" : 0,
    "updated" : 0
  },
  {
    "id" : "04c1167b-0509-4592-a238-04f4080c6699",
    "data" : [
      {
        "text" : "what does covid-19 do to your body?",
        "userDefined" : false
      }
    ],
    "isTemplate" : false,
    "count" : 0,
    "updated" : 0
  },
  {
    "id" : "3b40154c-6ff5-45ca-b860-f2e92d666913",
    "data" : [
      {
        "text" : "what does dry cough mean?",
        "userDefined" : false
      }
    ],
    "isTemplate" : false,
    "count" : 0,
    "updated" : 0
  },
  {
    "id" : "d5006fa9-393d-4747-95ef-579c8205c457",
    "data" : [
      {
        "text" : "what does having corona virus feel like?",
        "userDefined" : false
      }
    ],
    "isTemplate" : false,
    "count" : 0,
    "updated" : 0
  },
  {
    "id" : "1e53ef52-70c7-47f4-9693-88bbebcc25ea",
    "data" : [
      {
        "text" : "what does having the virus feel like?",
        "userDefined" : false
      }
    ],
    "isTemplate" : false,
    "count" : 0,
    "updated" : 0
  },
  {
    "id" : "356cc9ea-590e-40f1-a038-1ff3290bfc54",
    "data" : [
      {
        "text" : "what does it mean if i'm coughing?",
        "userDefined" : false
      }
    ],
    "isTemplate" : false,
    "count" : 0,
    "updated" : 0
  },
  {
    "id" : "7bd2e82b-f86b-4bc6-80ac-44e8cfd456a9",
    "data" : [
      {
        "text" : "what does it mean to be asymptomatic?",
        "userDefined" : false
      }
    ],
    "isTemplate" : false,
    "count" : 0,
    "updated" : 0
  },
  {
    "id" : "893b57c9-5bb4-4bfc-9d35-1d32a2f08e8a",
    "data" : [
      {
        "text" : "what does persistent cough mean?",
        "userDefined" : false
      }
    ],
    "isTemplate" : false,
    "count" : 0,
    "updated" : 0
  },
  {
    "id" : "16f4a4aa-fed4-4c7f-bf76-b244d8e84cfa",
    "data" : [
      {
        "text" : "what does the virus do to your body?",
        "userDefined" : false
      }
    ],
    "isTemplate" : false,
    "count" : 0,
    "updated" : 0
  },
  {
    "id" : "931961bc-84c3-434a-b520-ed2bb9b3fe5e",
    "data" : [
      {
        "text" : "what is a dry cough?",
        "userDefined" : false
      }
    ],
    "isTemplate" : false,
    "count" : 0,
    "updated" : 0
  },
  {
    "id" : "4b3a3e4e-aef5-4125-ab01-7eb77bbc4878",
    "data" : [
      {
        "text" : "what is a fever?",
        "userDefined" : false
      }
    ],
    "isTemplate" : false,
    "count" : 0,
    "updated" : 0
  },
  {
    "id" : "eca08d3e-ab5d-40e9-8ca6-09c1bd2847e9",
    "data" : [
      {
        "text" : "what is an asymptomatic carrier?",
        "userDefined" : false
      }
    ],
    "isTemplate" : false,
    "count" : 0,
    "updated" : 0
  },
  {
    "id" : "1e5ca894-61c1-4c72-8233-33d2f4a80b0e",
    "data" : [
      {
        "text" : "what is different about a dry cough?",
        "userDefined" : false
      }
    ],
    "isTemplate" : false,
    "count" : 0,
    "updated" : 0
  },
  {
    "id" : "3595420d-bead-4559-b727-21d9b307f6d3",
    "data" : [
      {
        "text" : "what should i do if i think i have it?",
        "userDefined" : false
      }
    ],
    "isTemplate" : false,
    "count" : 0,
    "updated" : 0
  },
  {
    "id" : "5d769754-527f-4749-8f51-55a7ce330ed4",
    "data" : [
      {
        "text" : "what should i do if i think i might have corona virus?",
        "userDefined" : false
      }
    ],
    "isTemplate" : false,
    "count" : 0,
    "updated" : 0
  },
  {
    "id" : "ef08b24c-9d11-4a2d-b409-5661e85693dc",
    "data" : [
      {
        "text" : "what signs of covid-19 should i look for?",
        "userDefined" : false
      }
    ],
    "isTemplate" : false,
    "count" : 0,
    "updated" : 0
  },
  {
    "id" : "92cc8842-05fa-4af4-9a76-ca4d56f13ce1",
    "data" : [
      {
        "text" : "what temperature is a fever?",
        "userDefined" : false
      }
    ],
    "isTemplate" : false,
    "count" : 0,
    "updated" : 0
  },
  {
    "id" : "dd2ab4d1-b7aa-43a4-909b-bfb033449fab",
    "data" : [
      {
        "text" : "when do i need to go to a clinic?",
        "userDefined" : false
      }
    ],
    "isTemplate" : false,
    "count" : 0,
    "updated" : 0
  },
  {
    "id" : "4a05087b-71db-42de-b62f-eb50a771e1cd",
    "data" : [
      {
        "text" : "when is a cough persistent?",
        "userDefined" : false
      }
    ],
    "isTemplate" : false,
    "count" : 0,
    "updated" : 0
  },
  {
    "id" : "ccebdb0e-7158-43e3-bdf7-f70137bad2bf",
    "data" : [
      {
        "text" : "when should i go to hospital?",
        "userDefined" : false
      }
    ],
    "isTemplate" : false,
    "count" : 0,
    "updated" : 0
  },
  {
    "id" : "060d2a44-7c86-4b86-ae49-4c799d499d1e",
    "data" : [
      {
        "text" : "when should i go to the emergency room?",
        "userDefined" : false
      }
    ],
    "isTemplate" : false,
    "count" : 0,
    "updated" : 0
  },
  {
    "id" : "52666b92-bd02-4e51-9030-09be30dc3405",
    "data" : [
      {
        "text" : "will i need treatment at the hospital?",
        "userDefined" : false
      }
    ],
    "isTemplate" : false,
    "count" : 0,
    "updated" : 0
  }
]