[
  {
    "id" : "007693be-e569-4c5d-8bfe-8af86c41c68f",
    "data" : [
      {
        "text" : "can soap help keep the virus off my hands?",
        "userDefined" : false
      }
    ],
    "isTemplate" : false,
    "count" : 0,
    "updated" : 0
  },
  {
    "id" : "df46db37-dedb-454e-8af9-d15ada2788e1",
    "data" : [
      {
        "text" : "can soap help with corona virus?",
        "userDefined" : false
      }
    ],
    "isTemplate" : false,
    "count" : 0,
    "updated" : 0
  },
  {
    "id" : "a3daa550-85c3-4458-a2c8-144aec7b04b4",
    "data" : [
      {
        "text" : "do i need to use hand sanitiser?",
        "userDefined" : false
      }
    ],
    "isTemplate" : false,
    "count" : 0,
    "updated" : 0
  },
  {
    "id" : "ba4b0115-3fd9-40a5-8a23-4f0cb1f5d279",
    "data" : [
      {
        "text" : "how does hand-sanitiser work?",
        "userDefined" : false
      }
    ],
    "isTemplate" : false,
    "count" : 0,
    "updated" : 0
  },
  {
    "id" : "2839c880-735e-42cf-b6dd-ff559ea0abf4",
    "data" : [
      {
        "text" : "how does soap help keep the virus away?",
        "userDefined" : false
      }
    ],
    "isTemplate" : false,
    "count" : 0,
    "updated" : 0
  },
  {
    "id" : "b15e52df-04b3-4d7f-9557-ec82819c0ad4",
    "data" : [
      {
        "text" : "how long should i hand-wash for?",
        "userDefined" : false
      }
    ],
    "isTemplate" : false,
    "count" : 0,
    "updated" : 0
  },
  {
    "id" : "168985c7-1b23-4e98-9667-22411f9dd790",
    "data" : [
      {
        "text" : "how often should i wash my hands",
        "userDefined" : false
      }
    ],
    "isTemplate" : false,
    "count" : 0,
    "updated" : 0
  },
  {
    "id" : "067544d2-35d7-463e-9a3b-4d69814ff925",
    "data" : [
      {
        "text" : "how should i wash my hands",
        "userDefined" : false
      }
    ],
    "isTemplate" : false,
    "count" : 0,
    "updated" : 0
  },
  {
    "id" : "6097a827-538c-4852-beae-c31aa1428f86",
    "data" : [
      {
        "text" : "should i use soap or hand sanitiser?",
        "userDefined" : false
      }
    ],
    "isTemplate" : false,
    "count" : 0,
    "updated" : 0
  },
  {
    "id" : "ab7c479a-e38a-4b3f-9ed1-f3c2b5616cfa",
    "data" : [
      {
        "text" : "what amount of alcohol is needed in hand gel?",
        "userDefined" : false
      }
    ],
    "isTemplate" : false,
    "count" : 0,
    "updated" : 0
  },
  {
    "id" : "fdfdec57-b538-4421-8942-bd5a2be5422b",
    "data" : [
      {
        "text" : "what are good methods for handwashing?",
        "userDefined" : false
      }
    ],
    "isTemplate" : false,
    "count" : 0,
    "updated" : 0
  },
  {
    "id" : "1a2555d0-6cd5-4afd-a17a-d434cc054977",
    "data" : [
      {
        "text" : "what are the handwashing techniques",
        "userDefined" : false
      }
    ],
    "isTemplate" : false,
    "count" : 0,
    "updated" : 0
  },
  {
    "id" : "8733d833-eb5e-4d36-a622-0dc22b58f2f8",
    "data" : [
      {
        "text" : "what are the hand-washing techniques?",
        "userDefined" : false
      }
    ],
    "isTemplate" : false,
    "count" : 0,
    "updated" : 0
  },
  {
    "id" : "8170b5a3-64b6-4a17-9710-e91eace96708",
    "data" : [
      {
        "text" : "what are the instructions for hand-washing",
        "userDefined" : false
      }
    ],
    "isTemplate" : false,
    "count" : 0,
    "updated" : 0
  },
  {
    "id" : "f1762324-6b47-49ae-a964-719b18addaf5",
    "data" : [
      {
        "text" : "what are the techniques for hand washing?",
        "userDefined" : false
      }
    ],
    "isTemplate" : false,
    "count" : 0,
    "updated" : 0
  },
  {
    "id" : "39b84a8c-aceb-470b-8582-e13d3608e93f",
    "data" : [
      {
        "text" : "what is important about hand-washing?",
        "userDefined" : false
      }
    ],
    "isTemplate" : false,
    "count" : 0,
    "updated" : 0
  },
  {
    "id" : "e42e5a1a-ff47-48e0-b0cb-69411f4f8d92",
    "data" : [
      {
        "text" : "what is the guidance for handwashing",
        "userDefined" : false
      }
    ],
    "isTemplate" : false,
    "count" : 0,
    "updated" : 0
  },
  {
    "id" : "2431439f-dce1-4f85-86cc-dcdaa4a50643",
    "data" : [
      {
        "text" : "what strength percentage of alcohol is required for hand gel to work?",
        "userDefined" : false
      }
    ],
    "isTemplate" : false,
    "count" : 0,
    "updated" : 0
  },
  {
    "id" : "6aaf909f-9f56-4f5d-9328-fece03ea9bd3",
    "data" : [
      {
        "text" : "when should i wash my hands",
        "userDefined" : false
      }
    ],
    "isTemplate" : false,
    "count" : 0,
    "updated" : 0
  },
  {
    "id" : "f8fe9c73-181a-4da3-8861-189dda699a30",
    "data" : [
      {
        "text" : "why do i need to use soap?",
        "userDefined" : false
      }
    ],
    "isTemplate" : false,
    "count" : 0,
    "updated" : 0
  },
  {
    "id" : "e73981c0-dd16-46d4-97d2-fb1f79bfefa9",
    "data" : [
      {
        "text" : "why do i need to wash my hands",
        "userDefined" : false
      }
    ],
    "isTemplate" : false,
    "count" : 0,
    "updated" : 0
  },
  {
    "id" : "4adb41bb-6758-49e0-9462-190367741621",
    "data" : [
      {
        "text" : "why does soap help with containing covid 19?",
        "userDefined" : false
      }
    ],
    "isTemplate" : false,
    "count" : 0,
    "updated" : 0
  }
]