[
  {
    "id" : "2fffb64d-34c9-43d4-aa90-5b9b668e810a",
    "data" : [
      {
        "text" : "can coronavirus spread by coughing?",
        "userDefined" : false
      }
    ],
    "isTemplate" : false,
    "count" : 0,
    "updated" : 0
  },
  {
    "id" : "8671dc2d-70fd-4bba-85b1-9f45f155d286",
    "data" : [
      {
        "text" : "can coronavirus survive on skin?",
        "userDefined" : false
      }
    ],
    "isTemplate" : false,
    "count" : 0,
    "updated" : 0
  },
  {
    "id" : "fc330520-b11f-43c4-b4f4-95969f1b3db5",
    "data" : [
      {
        "text" : "can covid get into my eyes?",
        "userDefined" : false
      }
    ],
    "isTemplate" : false,
    "count" : 0,
    "updated" : 0
  },
  {
    "id" : "fbc1a5c0-2977-4f91-b049-06642d7f6d44",
    "data" : [
      {
        "text" : "can sneezing spread coronavirus?",
        "userDefined" : false
      }
    ],
    "isTemplate" : false,
    "count" : 0,
    "updated" : 0
  },
  {
    "id" : "b1d66ff9-dc1f-411e-aefe-84d6fc8ec9b1",
    "data" : [
      {
        "text" : "can you catch corona from an unclean surface?",
        "userDefined" : false
      }
    ],
    "isTemplate" : false,
    "count" : 0,
    "updated" : 0
  },
  {
    "id" : "9c4eb5a7-d418-449b-b918-b2a1fd17d350",
    "data" : [
      {
        "text" : "can you catch coronavirus from another person?",
        "userDefined" : false
      }
    ],
    "isTemplate" : false,
    "count" : 0,
    "updated" : 0
  },
  {
    "id" : "5848e452-b442-40d6-84aa-cff4b4fba0ff",
    "data" : [
      {
        "text" : "can you catch the virus from dirty surfaces?",
        "userDefined" : false
      }
    ],
    "isTemplate" : false,
    "count" : 0,
    "updated" : 0
  },
  {
    "id" : "c916bd27-0f02-435b-b9ef-5dc5ae2caa4a",
    "data" : [
      {
        "text" : "could i pass corona virus onto someone else?",
        "userDefined" : false
      }
    ],
    "isTemplate" : false,
    "count" : 0,
    "updated" : 0
  },
  {
    "id" : "cce1ab4a-83b9-4be2-ae7f-5a9c1a55367a",
    "data" : [
      {
        "text" : "does coughing spread corona?",
        "userDefined" : false
      }
    ],
    "isTemplate" : false,
    "count" : 0,
    "updated" : 0
  },
  {
    "id" : "8e79afde-5b41-41ee-81be-9c24d40d3212",
    "data" : [
      {
        "text" : "does coughing spread covid-19?",
        "userDefined" : false
      }
    ],
    "isTemplate" : false,
    "count" : 0,
    "updated" : 0
  },
  {
    "id" : "d58cbfd2-24a4-4e01-adc8-b9f428f1fed0",
    "data" : [
      {
        "text" : "how can i help stop covid 19 from becoming even more widespread?",
        "userDefined" : false
      }
    ],
    "isTemplate" : false,
    "count" : 0,
    "updated" : 0
  },
  {
    "id" : "da61c2fb-89a0-4071-b57d-6834f500caf0",
    "data" : [
      {
        "text" : "how can i protect myself from catching the disease?",
        "userDefined" : false
      }
    ],
    "isTemplate" : false,
    "count" : 0,
    "updated" : 0
  },
  {
    "id" : "b9805660-fc57-47e7-8e77-97ca0bed888e",
    "data" : [
      {
        "text" : "how can i protect myself from catching this illness?",
        "userDefined" : false
      }
    ],
    "isTemplate" : false,
    "count" : 0,
    "updated" : 0
  },
  {
    "id" : "19bbc540-ebdd-44a9-95d9-4c9eaf096370",
    "data" : [
      {
        "text" : "how can i protect myself?",
        "userDefined" : false
      }
    ],
    "isTemplate" : false,
    "count" : 0,
    "updated" : 0
  },
  {
    "id" : "988df3b9-60e7-47e5-a3c6-fa11da435aa4",
    "data" : [
      {
        "text" : "how contagious is it?",
        "userDefined" : false
      }
    ],
    "isTemplate" : false,
    "count" : 0,
    "updated" : 0
  },
  {
    "id" : "0323697a-f977-40ca-b7a0-1b7cbea0efce",
    "data" : [
      {
        "text" : "how did corona become so widespread?",
        "userDefined" : false
      }
    ],
    "isTemplate" : false,
    "count" : 0,
    "updated" : 0
  },
  {
    "id" : "c0e7643c-5493-4eea-9d8c-698237154616",
    "data" : [
      {
        "text" : "how did corona virus become so widespread?",
        "userDefined" : false
      }
    ],
    "isTemplate" : false,
    "count" : 0,
    "updated" : 0
  },
  {
    "id" : "871b0332-c320-47cc-91c1-cc319bc190ed",
    "data" : [
      {
        "text" : "how did covid spread?",
        "userDefined" : false
      }
    ],
    "isTemplate" : false,
    "count" : 0,
    "updated" : 0
  },
  {
    "id" : "619e6ad1-4c78-449d-8eea-7bf6fc8e84f6",
    "data" : [
      {
        "text" : "how did it become so widespread?",
        "userDefined" : false
      }
    ],
    "isTemplate" : false,
    "count" : 0,
    "updated" : 0
  },
  {
    "id" : "7ef986d1-2b8f-4012-b28b-813504d718a8",
    "data" : [
      {
        "text" : "how do i catch corona?",
        "userDefined" : false
      }
    ],
    "isTemplate" : false,
    "count" : 0,
    "updated" : 0
  },
  {
    "id" : "ead95417-a352-432b-800f-db9ba9dbb816",
    "data" : [
      {
        "text" : "how do viruses become widespread?",
        "userDefined" : false
      }
    ],
    "isTemplate" : false,
    "count" : 0,
    "updated" : 0
  },
  {
    "id" : "b3fdb494-a1ba-4c6b-99e4-04047ca08ac3",
    "data" : [
      {
        "text" : "how do we stop people getting coronavirus?",
        "userDefined" : false
      }
    ],
    "isTemplate" : false,
    "count" : 0,
    "updated" : 0
  },
  {
    "id" : "78e516c1-197c-4b37-ba83-a67e85b5804d",
    "data" : [
      {
        "text" : "how do we stop people getting it?",
        "userDefined" : false
      }
    ],
    "isTemplate" : false,
    "count" : 0,
    "updated" : 0
  },
  {
    "id" : "df16b2f5-5130-448f-b0bf-5728b2af40be",
    "data" : [
      {
        "text" : "how do we stop people getting sick?",
        "userDefined" : false
      }
    ],
    "isTemplate" : false,
    "count" : 0,
    "updated" : 0
  },
  {
    "id" : "e8401f38-ed78-46c1-9c6d-3087e10406f1",
    "data" : [
      {
        "text" : "how do you catch coronavirus",
        "userDefined" : false
      }
    ],
    "isTemplate" : false,
    "count" : 0,
    "updated" : 0
  },
  {
    "id" : "3651d3a7-ae70-4c8d-9bab-ae6ae2e554b2",
    "data" : [
      {
        "text" : "how do you catch it?",
        "userDefined" : false
      }
    ],
    "isTemplate" : false,
    "count" : 0,
    "updated" : 0
  },
  {
    "id" : "b9eba74f-8512-47df-874c-fcf0436277bf",
    "data" : [
      {
        "text" : "how does covid pass from person to person?",
        "userDefined" : false
      }
    ],
    "isTemplate" : false,
    "count" : 0,
    "updated" : 0
  },
  {
    "id" : "347b89da-5bdd-42a5-93ae-76ed722a1b11",
    "data" : [
      {
        "text" : "how does covid spread from person to person?",
        "userDefined" : false
      }
    ],
    "isTemplate" : false,
    "count" : 0,
    "updated" : 0
  },
  {
    "id" : "9c6c167f-ff83-47e1-83ac-4d83369ab724",
    "data" : [
      {
        "text" : "how does covid-19 spread between between?",
        "userDefined" : false
      }
    ],
    "isTemplate" : false,
    "count" : 0,
    "updated" : 0
  },
  {
    "id" : "dd47354e-b6a4-45f7-97cd-2db18187eea9",
    "data" : [
      {
        "text" : "how does covid-19 spread from one person to another?",
        "userDefined" : false
      }
    ],
    "isTemplate" : false,
    "count" : 0,
    "updated" : 0
  },
  {
    "id" : "96243ec3-7eac-4245-b8ed-471d3ac77f2e",
    "data" : [
      {
        "text" : "how does covid-19 spread?",
        "userDefined" : false
      }
    ],
    "isTemplate" : false,
    "count" : 0,
    "updated" : 0
  },
  {
    "id" : "0a673a88-e21f-4248-933d-483da27dc0e9",
    "data" : [
      {
        "text" : "how does the corona virus spread?",
        "userDefined" : false
      }
    ],
    "isTemplate" : false,
    "count" : 0,
    "updated" : 0
  },
  {
    "id" : "ed1a9939-b8a1-42dc-b5b8-886dd222f724",
    "data" : [
      {
        "text" : "how does the virus spread",
        "userDefined" : false
      }
    ],
    "isTemplate" : false,
    "count" : 0,
    "updated" : 0
  },
  {
    "id" : "e22f1dd1-be0f-4c7e-b92a-ec0a09a5f117",
    "data" : [
      {
        "text" : "how long can the virus remain on surfaces?",
        "userDefined" : false
      }
    ],
    "isTemplate" : false,
    "count" : 0,
    "updated" : 0
  },
  {
    "id" : "23e8fabf-1cae-4718-a802-09693ee6afa4",
    "data" : [
      {
        "text" : "how long does coronavirus stay on surfaces?",
        "userDefined" : false
      }
    ],
    "isTemplate" : false,
    "count" : 0,
    "updated" : 0
  },
  {
    "id" : "8cd5de6c-f350-41e2-afc6-8904c8c79c60",
    "data" : [
      {
        "text" : "how long does it stay on skin?",
        "userDefined" : false
      }
    ],
    "isTemplate" : false,
    "count" : 0,
    "updated" : 0
  },
  {
    "id" : "f83f0ecd-653e-4f68-aa33-4933a384883e",
    "data" : [
      {
        "text" : "how long does the virus stay on your hands face?",
        "userDefined" : false
      }
    ],
    "isTemplate" : false,
    "count" : 0,
    "updated" : 0
  },
  {
    "id" : "4cf3bee6-ca92-488a-a0de-eac2f24def96",
    "data" : [
      {
        "text" : "how long does the virus stay on your hands?",
        "userDefined" : false
      }
    ],
    "isTemplate" : false,
    "count" : 0,
    "updated" : 0
  },
  {
    "id" : "c6c1ddc3-2047-4e32-8cbf-0b4e99ef03ea",
    "data" : [
      {
        "text" : "how would i catch the virus from someone else?",
        "userDefined" : false
      }
    ],
    "isTemplate" : false,
    "count" : 0,
    "updated" : 0
  },
  {
    "id" : "28389c02-eef5-489c-b354-a88ef92d9e32",
    "data" : [
      {
        "text" : "i to avoid getting covid, what should i do?",
        "userDefined" : false
      }
    ],
    "isTemplate" : false,
    "count" : 0,
    "updated" : 0
  },
  {
    "id" : "607e0f56-dbe1-445d-8d67-661f5e284f06",
    "data" : [
      {
        "text" : "if it's so contagious, how can we help stop the spread?",
        "userDefined" : false
      }
    ],
    "isTemplate" : false,
    "count" : 0,
    "updated" : 0
  },
  {
    "id" : "0f1ef057-6bcf-4f6c-bac5-75ad3dcfe0a6",
    "data" : [
      {
        "text" : "is corona contagious?",
        "userDefined" : false
      }
    ],
    "isTemplate" : false,
    "count" : 0,
    "updated" : 0
  },
  {
    "id" : "2f3d4c3d-7926-41ca-9d02-63680b47ca7e",
    "data" : [
      {
        "text" : "is corona virus contagious?",
        "userDefined" : false
      }
    ],
    "isTemplate" : false,
    "count" : 0,
    "updated" : 0
  },
  {
    "id" : "86ed0d5f-0c68-4fe5-ac47-6ca7af83d8fc",
    "data" : [
      {
        "text" : "is it very contagious?",
        "userDefined" : false
      }
    ],
    "isTemplate" : false,
    "count" : 0,
    "updated" : 0
  },
  {
    "id" : "176e52bb-6135-43e0-9a56-4d8c0420a8b9",
    "data" : [
      {
        "text" : "what should i do to avoid getting coronavirus?",
        "userDefined" : false
      }
    ],
    "isTemplate" : false,
    "count" : 0,
    "updated" : 0
  },
  {
    "id" : "c43448c0-4cc8-4aca-9094-66d27121c005",
    "data" : [
      {
        "text" : "what should i do to protect myself from catching covid19?",
        "userDefined" : false
      }
    ],
    "isTemplate" : false,
    "count" : 0,
    "updated" : 0
  },
  {
    "id" : "f820f019-5737-4877-918a-cbb962b44a67",
    "data" : [
      {
        "text" : "what should i do to protect myself?",
        "userDefined" : false
      }
    ],
    "isTemplate" : false,
    "count" : 0,
    "updated" : 0
  },
  {
    "id" : "5e84aabb-ac35-4aa1-9757-8c0a760817cc",
    "data" : [
      {
        "text" : "what things can i do to protect myself?",
        "userDefined" : false
      }
    ],
    "isTemplate" : false,
    "count" : 0,
    "updated" : 0
  },
  {
    "id" : "2e9e4f64-f41a-4298-a8fb-5791a5e4b40d",
    "data" : [
      {
        "text" : "why can't i touch my face with my hands?",
        "userDefined" : false
      }
    ],
    "isTemplate" : false,
    "count" : 0,
    "updated" : 0
  },
  {
    "id" : "ec794c48-25a6-43d3-9659-d6c6efd354fc",
    "data" : [
      {
        "text" : "why do viruses become widespread?",
        "userDefined" : false
      }
    ],
    "isTemplate" : false,
    "count" : 0,
    "updated" : 0
  },
  {
    "id" : "fa7bbdab-6c2c-459d-9fa7-d84afaff490a",
    "data" : [
      {
        "text" : "why do you have to clean surfaces?",
        "userDefined" : false
      }
    ],
    "isTemplate" : false,
    "count" : 0,
    "updated" : 0
  },
  {
    "id" : "63e3800f-3055-4230-ab11-005ce0409eb2",
    "data" : [
      {
        "text" : "why is covid-19 so contagious?",
        "userDefined" : false
      }
    ],
    "isTemplate" : false,
    "count" : 0,
    "updated" : 0
  },
  {
    "id" : "11495a83-58df-43f6-b890-f73be961b21c",
    "data" : [
      {
        "text" : "why is skin-on-skin contact to be avoided?",
        "userDefined" : false
      }
    ],
    "isTemplate" : false,
    "count" : 0,
    "updated" : 0
  },
  {
    "id" : "56b732b3-85e2-4b2b-875d-a8a0bf8336eb",
    "data" : [
      {
        "text" : "why shouldn't i touch my eyes?",
        "userDefined" : false
      }
    ],
    "isTemplate" : false,
    "count" : 0,
    "updated" : 0
  },
  {
    "id" : "ef58e2b1-76f9-4c37-aeb4-8eea204fb56e",
    "data" : [
      {
        "text" : "why shouldn't i touch my face?",
        "userDefined" : false
      }
    ],
    "isTemplate" : false,
    "count" : 0,
    "updated" : 0
  }
]