[
  {
    "id" : "cfb36c1f-f19e-4a3e-a299-773fba835387",
    "data" : [
      {
        "text" : "am i immune once i've been vaccinated?",
        "userDefined" : false
      }
    ],
    "isTemplate" : false,
    "count" : 0,
    "updated" : 0
  },
  {
    "id" : "f5bafad9-c7e7-43c2-8f81-db195360c207",
    "data" : [
      {
        "text" : "are inoculations available?",
        "userDefined" : false
      }
    ],
    "isTemplate" : false,
    "count" : 0,
    "updated" : 0
  },
  {
    "id" : "b483905b-6db5-4eb9-a5c1-2195f78bbd2b",
    "data" : [
      {
        "text" : "are they researching vaccines?",
        "userDefined" : false
      }
    ],
    "isTemplate" : false,
    "count" : 0,
    "updated" : 0
  },
  {
    "id" : "efb25616-76d8-4d57-ba2c-010282337e1b",
    "data" : [
      {
        "text" : "are they working on vaccines?",
        "userDefined" : false
      }
    ],
    "isTemplate" : false,
    "count" : 0,
    "updated" : 0
  },
  {
    "id" : "cb1d29ce-9411-45a1-b916-39c2a93d206b",
    "data" : [
      {
        "text" : "can covid be cured?",
        "userDefined" : false
      }
    ],
    "isTemplate" : false,
    "count" : 0,
    "updated" : 0
  },
  {
    "id" : "f27070b2-6969-4d14-a5fd-031957139b30",
    "data" : [
      {
        "text" : "can i be vaccinated?",
        "userDefined" : false
      }
    ],
    "isTemplate" : false,
    "count" : 0,
    "updated" : 0
  },
  {
    "id" : "d4069307-7d9a-4176-a75a-22da595ae879",
    "data" : [
      {
        "text" : "can inoculation protect you from coronavirus?",
        "userDefined" : false
      }
    ],
    "isTemplate" : false,
    "count" : 0,
    "updated" : 0
  },
  {
    "id" : "0a73bfe5-57ea-49e4-b10d-d9c9e496d6b2",
    "data" : [
      {
        "text" : "can researching make a vaccine?",
        "userDefined" : false
      }
    ],
    "isTemplate" : false,
    "count" : 0,
    "updated" : 0
  },
  {
    "id" : "6d9b875f-a6f0-4341-8a57-095eee14d13a",
    "data" : [
      {
        "text" : "can vaccines protect you from corona?",
        "userDefined" : false
      }
    ],
    "isTemplate" : false,
    "count" : 0,
    "updated" : 0
  },
  {
    "id" : "d65eab2e-a21f-4905-b646-5cd157dab841",
    "data" : [
      {
        "text" : "can you be inoculated against the virus?",
        "userDefined" : false
      }
    ],
    "isTemplate" : false,
    "count" : 0,
    "updated" : 0
  },
  {
    "id" : "1673beb3-0cfc-45fe-bb35-cab90f33bc66",
    "data" : [
      {
        "text" : "can you be inoculated?",
        "userDefined" : false
      }
    ],
    "isTemplate" : false,
    "count" : 0,
    "updated" : 0
  },
  {
    "id" : "e91d7d81-cdde-4fc8-b23d-f679e5dd6816",
    "data" : [
      {
        "text" : "can you be vaccinated to protect you from covid-19?",
        "userDefined" : false
      }
    ],
    "isTemplate" : false,
    "count" : 0,
    "updated" : 0
  },
  {
    "id" : "d18d38b4-d5a2-4721-ba33-2e2e19e6ccd2",
    "data" : [
      {
        "text" : "can you be vaccinated?",
        "userDefined" : false
      }
    ],
    "isTemplate" : false,
    "count" : 0,
    "updated" : 0
  },
  {
    "id" : "01004e49-18ef-499e-bc4b-f76841ae50ad",
    "data" : [
      {
        "text" : "can you get vaccinated?",
        "userDefined" : false
      }
    ],
    "isTemplate" : false,
    "count" : 0,
    "updated" : 0
  },
  {
    "id" : "6b799ef5-3296-442e-9f53-f44c25c73225",
    "data" : [
      {
        "text" : "how can i be vaccinated?",
        "userDefined" : false
      }
    ],
    "isTemplate" : false,
    "count" : 0,
    "updated" : 0
  },
  {
    "id" : "1cf7ee2a-2022-4e89-8215-c22af21ff7c9",
    "data" : [
      {
        "text" : "how does vaccine research work",
        "userDefined" : false
      }
    ],
    "isTemplate" : false,
    "count" : 0,
    "updated" : 0
  },
  {
    "id" : "35744db5-8ea2-4510-a328-d30a088e68df",
    "data" : [
      {
        "text" : "how long will it take to develop a vaccine?",
        "userDefined" : false
      }
    ],
    "isTemplate" : false,
    "count" : 0,
    "updated" : 0
  },
  {
    "id" : "349958a7-6b16-4634-a63b-14205d3f2a5f",
    "data" : [
      {
        "text" : "how long will it take to develop inoculation?",
        "userDefined" : false
      }
    ],
    "isTemplate" : false,
    "count" : 0,
    "updated" : 0
  },
  {
    "id" : "fe3ee6f0-83e5-4f35-aeb3-0e6c2df71f23",
    "data" : [
      {
        "text" : "how long will it take to research a vaccine?",
        "userDefined" : false
      }
    ],
    "isTemplate" : false,
    "count" : 0,
    "updated" : 0
  },
  {
    "id" : "0d95585b-b8e0-434a-a260-fe998fb43203",
    "data" : [
      {
        "text" : "is a vaccine being developed?",
        "userDefined" : false
      }
    ],
    "isTemplate" : false,
    "count" : 0,
    "updated" : 0
  },
  {
    "id" : "b85cce93-a995-4c24-a447-27f3b55f99db",
    "data" : [
      {
        "text" : "is there a cure?",
        "userDefined" : false
      }
    ],
    "isTemplate" : false,
    "count" : 0,
    "updated" : 0
  },
  {
    "id" : "f4eb0b4a-5931-4618-87d0-b02a49ae17ee",
    "data" : [
      {
        "text" : "is there a vaccine against coronavirus?",
        "userDefined" : false
      }
    ],
    "isTemplate" : false,
    "count" : 0,
    "updated" : 0
  },
  {
    "id" : "047b4f10-c5fd-4e7d-9b73-791a278c2cab",
    "data" : [
      {
        "text" : "is there si cure for covid-19?",
        "userDefined" : false
      }
    ],
    "isTemplate" : false,
    "count" : 0,
    "updated" : 0
  },
  {
    "id" : "af91a5e4-c8d3-40f8-b021-39fdda6c6477",
    "data" : [
      {
        "text" : "what does herd immunity mean?",
        "userDefined" : false
      }
    ],
    "isTemplate" : false,
    "count" : 0,
    "updated" : 0
  },
  {
    "id" : "27788c7c-13a0-4fe7-8768-69c5a06bd7ea",
    "data" : [
      {
        "text" : "what is herd immunity?",
        "userDefined" : false
      }
    ],
    "isTemplate" : false,
    "count" : 0,
    "updated" : 0
  },
  {
    "id" : "be9c9f34-56aa-4136-a2a9-411cf59323bb",
    "data" : [
      {
        "text" : "what is inoculation?",
        "userDefined" : false
      }
    ],
    "isTemplate" : false,
    "count" : 0,
    "updated" : 0
  },
  {
    "id" : "9411303c-64b9-49b7-847a-7f0df1512312",
    "data" : [
      {
        "text" : "when can we expected a vaccine?",
        "userDefined" : false
      }
    ],
    "isTemplate" : false,
    "count" : 0,
    "updated" : 0
  },
  {
    "id" : "75fd2bcc-4121-422a-a19e-bce6386d338d",
    "data" : [
      {
        "text" : "when will inoculations be available?",
        "userDefined" : false
      }
    ],
    "isTemplate" : false,
    "count" : 0,
    "updated" : 0
  }
]