[
  {
    "id" : "1101c282-e36d-4846-9507-0b89b25fb40d",
    "data" : [
      {
        "text" : "can we prevent spikes in the infection rate?",
        "userDefined" : false
      }
    ],
    "isTemplate" : false,
    "count" : 0,
    "updated" : 0
  },
  {
    "id" : "1e28f4a4-5be9-40cf-8d81-7ff6b4fd5d55",
    "data" : [
      {
        "text" : "can we reduce the number of cases?",
        "userDefined" : false
      }
    ],
    "isTemplate" : false,
    "count" : 0,
    "updated" : 0
  },
  {
    "id" : "4ad19f32-98e5-4555-b4aa-0988a24fada2",
    "data" : [
      {
        "text" : "how do we flatten the curve",
        "userDefined" : false
      }
    ],
    "isTemplate" : false,
    "count" : 0,
    "updated" : 0
  },
  {
    "id" : "1a77985b-95ee-48e5-bad2-a0720a4151b6",
    "data" : [
      {
        "text" : "how do we prevent spikes in the number of infected people?",
        "userDefined" : false
      }
    ],
    "isTemplate" : false,
    "count" : 0,
    "updated" : 0
  },
  {
    "id" : "081c98b2-9900-4f50-b5d3-dd246dfb37fd",
    "data" : [
      {
        "text" : "how do we reduce the number of cases?",
        "userDefined" : false
      }
    ],
    "isTemplate" : false,
    "count" : 0,
    "updated" : 0
  },
  {
    "id" : "4f2784cb-745a-42e5-9378-c8ceca2f7c09",
    "data" : [
      {
        "text" : "how does health care capacity relate to the curve?",
        "userDefined" : false
      }
    ],
    "isTemplate" : false,
    "count" : 0,
    "updated" : 0
  },
  {
    "id" : "34e76434-98f3-4764-be3c-1c17eea472c5",
    "data" : [
      {
        "text" : "how does healthcare capacity relate to the curve",
        "userDefined" : false
      }
    ],
    "isTemplate" : false,
    "count" : 0,
    "updated" : 0
  },
  {
    "id" : "b09efd9b-c9e0-4948-a606-1c1f70186362",
    "data" : [
      {
        "text" : "how fast can it spread?",
        "userDefined" : false
      }
    ],
    "isTemplate" : false,
    "count" : 0,
    "updated" : 0
  },
  {
    "id" : "7b318726-fb21-4e7c-a89b-737075bf023e",
    "data" : [
      {
        "text" : "how fast is it spreading?",
        "userDefined" : false
      }
    ],
    "isTemplate" : false,
    "count" : 0,
    "updated" : 0
  },
  {
    "id" : "be27f8e9-1b23-4941-a9b6-927da31e8758",
    "data" : [
      {
        "text" : "how quickly can it spread?",
        "userDefined" : false
      }
    ],
    "isTemplate" : false,
    "count" : 0,
    "updated" : 0
  },
  {
    "id" : "5eaf22f5-070b-46b1-9380-60d9b606d3fd",
    "data" : [
      {
        "text" : "how quickly could it spread?",
        "userDefined" : false
      }
    ],
    "isTemplate" : false,
    "count" : 0,
    "updated" : 0
  },
  {
    "id" : "1c455c5f-3eda-45e2-8dde-5cdf0addc16f",
    "data" : [
      {
        "text" : "how quickly is it spreading?",
        "userDefined" : false
      }
    ],
    "isTemplate" : false,
    "count" : 0,
    "updated" : 0
  },
  {
    "id" : "28c363d5-8fa4-4cfc-b671-6a28560964fa",
    "data" : [
      {
        "text" : "how quickly will it spread?",
        "userDefined" : false
      }
    ],
    "isTemplate" : false,
    "count" : 0,
    "updated" : 0
  },
  {
    "id" : "a917376e-fc69-403f-bb8c-22ecc12ddbe6",
    "data" : [
      {
        "text" : "reducing the frequency of cases",
        "userDefined" : false
      }
    ],
    "isTemplate" : false,
    "count" : 0,
    "updated" : 0
  },
  {
    "id" : "af4b3321-cc4f-4a7a-8299-493420078967",
    "data" : [
      {
        "text" : "slow the rate of infection",
        "userDefined" : false
      }
    ],
    "isTemplate" : false,
    "count" : 0,
    "updated" : 0
  },
  {
    "id" : "49969ccc-d674-4562-a541-f3585f2b041b",
    "data" : [
      {
        "text" : "what are spikes",
        "userDefined" : false
      }
    ],
    "isTemplate" : false,
    "count" : 0,
    "updated" : 0
  },
  {
    "id" : "ab368892-47a3-4ca2-b269-5635c5f92496",
    "data" : [
      {
        "text" : "what does a spike in cases look like?",
        "userDefined" : false
      }
    ],
    "isTemplate" : false,
    "count" : 0,
    "updated" : 0
  },
  {
    "id" : "5b2b467e-420b-488c-9e7e-c815f85530b2",
    "data" : [
      {
        "text" : "what does it mean the flatten the curve",
        "userDefined" : false
      }
    ],
    "isTemplate" : false,
    "count" : 0,
    "updated" : 0
  },
  {
    "id" : "99ab1413-85af-4c84-8f1a-00654c89134a",
    "data" : [
      {
        "text" : "what happens when there's a surge in cases?",
        "userDefined" : false
      }
    ],
    "isTemplate" : false,
    "count" : 0,
    "updated" : 0
  },
  {
    "id" : "4732bd07-7cd4-40ea-80bb-547d873949e4",
    "data" : [
      {
        "text" : "what happens when you reduce the number of cases?",
        "userDefined" : false
      }
    ],
    "isTemplate" : false,
    "count" : 0,
    "updated" : 0
  },
  {
    "id" : "a24c5ab0-616f-410d-8626-45a5bd918e09",
    "data" : [
      {
        "text" : "what is a fast spread?",
        "userDefined" : false
      }
    ],
    "isTemplate" : false,
    "count" : 0,
    "updated" : 0
  },
  {
    "id" : "ba798ee6-f4fc-4db4-a154-c0be6d91d04f",
    "data" : [
      {
        "text" : "what is a slow spread?",
        "userDefined" : false
      }
    ],
    "isTemplate" : false,
    "count" : 0,
    "updated" : 0
  },
  {
    "id" : "f1c4d61f-19c3-46ad-9a79-d8104d597e20",
    "data" : [
      {
        "text" : "what is flattening the curve",
        "userDefined" : false
      }
    ],
    "isTemplate" : false,
    "count" : 0,
    "updated" : 0
  },
  {
    "id" : "75a74591-cde5-42cc-877d-1fdc37f3ac80",
    "data" : [
      {
        "text" : "what is healthcare system capacity",
        "userDefined" : false
      }
    ],
    "isTemplate" : false,
    "count" : 0,
    "updated" : 0
  },
  {
    "id" : "402d7c33-5c6a-4796-9e2a-03250244f956",
    "data" : [
      {
        "text" : "what is infection rate",
        "userDefined" : false
      }
    ],
    "isTemplate" : false,
    "count" : 0,
    "updated" : 0
  },
  {
    "id" : "7cacf0dd-6427-4ce2-9fe6-370f2915fb31",
    "data" : [
      {
        "text" : "what is the curve of cases",
        "userDefined" : false
      }
    ],
    "isTemplate" : false,
    "count" : 0,
    "updated" : 0
  },
  {
    "id" : "2d354b3d-10ea-4266-99de-f99bfbef494b",
    "data" : [
      {
        "text" : "what is the difference between a fast spread and a slow spread?",
        "userDefined" : false
      }
    ],
    "isTemplate" : false,
    "count" : 0,
    "updated" : 0
  },
  {
    "id" : "666810ca-7793-453d-97b0-ed9a2a7d820f",
    "data" : [
      {
        "text" : "what is the difference between and fast and slow spread",
        "userDefined" : false
      }
    ],
    "isTemplate" : false,
    "count" : 0,
    "updated" : 0
  },
  {
    "id" : "7b6cd4bf-08e7-4018-b8f4-ef9429073b19",
    "data" : [
      {
        "text" : "when do spikes in infection rate occur?",
        "userDefined" : false
      }
    ],
    "isTemplate" : false,
    "count" : 0,
    "updated" : 0
  },
  {
    "id" : "d006eb84-8418-46ed-9c91-43215e42f603",
    "data" : [
      {
        "text" : "why are there spikes in the frequency of cases",
        "userDefined" : false
      }
    ],
    "isTemplate" : false,
    "count" : 0,
    "updated" : 0
  },
  {
    "id" : "f5aaa7b3-34df-4fa0-b648-cef61403fc36",
    "data" : [
      {
        "text" : "why do infections suddenly spike",
        "userDefined" : false
      }
    ],
    "isTemplate" : false,
    "count" : 0,
    "updated" : 0
  },
  {
    "id" : "85a47894-caa2-4486-84fe-18996d513aad",
    "data" : [
      {
        "text" : "why do you need to slow the infection",
        "userDefined" : false
      }
    ],
    "isTemplate" : false,
    "count" : 0,
    "updated" : 0
  }
]