[
  {
    "id" : "0b2fdb24-2cbb-4128-87c7-00e372bd8ce5",
    "data" : [
      {
        "text" : "how did it start?",
        "userDefined" : false
      }
    ],
    "isTemplate" : false,
    "count" : 0,
    "updated" : 0
  },
  {
    "id" : "a7d4a698-9d64-40c8-b9ce-7e1826d64c4e",
    "data" : [
      {
        "text" : "how did the covid outbreak start?",
        "userDefined" : false
      }
    ],
    "isTemplate" : false,
    "count" : 0,
    "updated" : 0
  },
  {
    "id" : "8821b741-8c8b-4dc4-a1d4-37ab8c39241d",
    "data" : [
      {
        "text" : "how did the outbreak start?",
        "userDefined" : false
      }
    ],
    "isTemplate" : false,
    "count" : 0,
    "updated" : 0
  },
  {
    "id" : "664aff6c-a988-4415-b9ff-83e7e668fce4",
    "data" : [
      {
        "text" : "what caused corona virus?",
        "userDefined" : false
      }
    ],
    "isTemplate" : false,
    "count" : 0,
    "updated" : 0
  },
  {
    "id" : "f7c526b2-72f7-41fe-9ad5-72a82d18463e",
    "data" : [
      {
        "text" : "what caused covid-19",
        "userDefined" : false
      }
    ],
    "isTemplate" : false,
    "count" : 0,
    "updated" : 0
  },
  {
    "id" : "7216697d-47d6-471d-8ab9-2ccd1b18125c",
    "data" : [
      {
        "text" : "what caused covid-19 to happen?",
        "userDefined" : false
      }
    ],
    "isTemplate" : false,
    "count" : 0,
    "updated" : 0
  },
  {
    "id" : "a5a2328e-61e0-4480-9fcb-2e1259f6eada",
    "data" : [
      {
        "text" : "what caused the corona outbreak?",
        "userDefined" : false
      }
    ],
    "isTemplate" : false,
    "count" : 0,
    "updated" : 0
  },
  {
    "id" : "7e22fc6d-41bc-46f5-886d-d3f890363154",
    "data" : [
      {
        "text" : "when did it start?",
        "userDefined" : false
      }
    ],
    "isTemplate" : false,
    "count" : 0,
    "updated" : 0
  },
  {
    "id" : "840653ab-1e3d-47bd-ad22-b18bad792a6b",
    "data" : [
      {
        "text" : "when did the outbreak start?",
        "userDefined" : false
      }
    ],
    "isTemplate" : false,
    "count" : 0,
    "updated" : 0
  },
  {
    "id" : "4ce927c4-8ea9-4ce4-b699-e477e32aa106",
    "data" : [
      {
        "text" : "when was corona virus detected?",
        "userDefined" : false
      }
    ],
    "isTemplate" : false,
    "count" : 0,
    "updated" : 0
  },
  {
    "id" : "4b90f732-8403-45a9-8597-466d05e4442a",
    "data" : [
      {
        "text" : "when was coronavirus identified?",
        "userDefined" : false
      }
    ],
    "isTemplate" : false,
    "count" : 0,
    "updated" : 0
  },
  {
    "id" : "299d342b-8271-49af-9756-30bb8aa7b744",
    "data" : [
      {
        "text" : "when was it detected?",
        "userDefined" : false
      }
    ],
    "isTemplate" : false,
    "count" : 0,
    "updated" : 0
  },
  {
    "id" : "91d3fd8d-4b06-424e-a2b2-1c3571b06d15",
    "data" : [
      {
        "text" : "where did it come from?",
        "userDefined" : false
      }
    ],
    "isTemplate" : false,
    "count" : 0,
    "updated" : 0
  },
  {
    "id" : "df7acd28-c27b-478a-9a1a-06cec23b1c21",
    "data" : [
      {
        "text" : "where did the coronavirus come from?",
        "userDefined" : false
      }
    ],
    "isTemplate" : false,
    "count" : 0,
    "updated" : 0
  },
  {
    "id" : "b847b355-48b3-419d-bb4c-3a4d47632750",
    "data" : [
      {
        "text" : "where was the virus first detected?",
        "userDefined" : false
      }
    ],
    "isTemplate" : false,
    "count" : 0,
    "updated" : 0
  },
  {
    "id" : "8eb0d007-0eaa-4526-bc45-d84f5162db5d",
    "data" : [
      {
        "text" : "why did corona happen?",
        "userDefined" : false
      }
    ],
    "isTemplate" : false,
    "count" : 0,
    "updated" : 0
  },
  {
    "id" : "20ccfc1c-b15a-4764-9033-14e423b340b6",
    "data" : [
      {
        "text" : "why did this happen?",
        "userDefined" : false
      }
    ],
    "isTemplate" : false,
    "count" : 0,
    "updated" : 0
  }
]