[
  {
    "id" : "4046441a-53ba-4f56-b206-6582b93c10e7",
    "data" : [
      {
        "text" : "can i go for a walk?",
        "userDefined" : false
      }
    ],
    "isTemplate" : false,
    "count" : 0,
    "updated" : 0
  },
  {
    "id" : "e7eff2ad-df69-4d77-b693-90d2dae0d2eb",
    "data" : [
      {
        "text" : "can i still go outside?",
        "userDefined" : false
      }
    ],
    "isTemplate" : false,
    "count" : 0,
    "updated" : 0
  },
  {
    "id" : "ab79a2a0-bc60-4459-9ee2-935f551af1e3",
    "data" : [
      {
        "text" : "can i walk somewhere?",
        "userDefined" : false
      }
    ],
    "isTemplate" : false,
    "count" : 0,
    "updated" : 0
  },
  {
    "id" : "5b01b8ff-31cc-4665-9435-fc434223bb95",
    "data" : [
      {
        "text" : "do i have to avoid people?",
        "userDefined" : false
      }
    ],
    "isTemplate" : false,
    "count" : 0,
    "updated" : 0
  },
  {
    "id" : "10d010a1-bca6-4298-802f-65a4032320ca",
    "data" : [
      {
        "text" : "do i have to stay away from people?",
        "userDefined" : false
      }
    ],
    "isTemplate" : false,
    "count" : 0,
    "updated" : 0
  },
  {
    "id" : "72f51838-3d27-44ab-8b09-37e84064c2d9",
    "data" : [
      {
        "text" : "do i have to stay inside?",
        "userDefined" : false
      }
    ],
    "isTemplate" : false,
    "count" : 0,
    "updated" : 0
  },
  {
    "id" : "25b2d439-7a1a-4083-be0f-c3534e9dad54",
    "data" : [
      {
        "text" : "for how long do i need to stay at home?",
        "userDefined" : false
      }
    ],
    "isTemplate" : false,
    "count" : 0,
    "updated" : 0
  },
  {
    "id" : "97e1f483-49b9-42ae-95af-a3a6aaee8ded",
    "data" : [
      {
        "text" : "for what reasons can i still go outside?",
        "userDefined" : false
      }
    ],
    "isTemplate" : false,
    "count" : 0,
    "updated" : 0
  },
  {
    "id" : "d461b25a-8391-4879-be30-b7f837ccb91e",
    "data" : [
      {
        "text" : "for what reasons can i still travel?",
        "userDefined" : false
      }
    ],
    "isTemplate" : false,
    "count" : 0,
    "updated" : 0
  },
  {
    "id" : "1b6e858e-06b3-4534-bcac-a74a85b1e61e",
    "data" : [
      {
        "text" : "how do i self isolate",
        "userDefined" : false
      }
    ],
    "isTemplate" : false,
    "count" : 0,
    "updated" : 0
  },
  {
    "id" : "776d06bf-ed87-4d77-b8a0-0297f58e4506",
    "data" : [
      {
        "text" : "how do i socially distance",
        "userDefined" : false
      }
    ],
    "isTemplate" : false,
    "count" : 0,
    "updated" : 0
  },
  {
    "id" : "7a544046-0758-4607-affb-8acc80c97522",
    "data" : [
      {
        "text" : "how does quarantine work?",
        "userDefined" : false
      }
    ],
    "isTemplate" : false,
    "count" : 0,
    "updated" : 0
  },
  {
    "id" : "8f937b81-d7ff-4cd1-9a41-fa6d2a4852c3",
    "data" : [
      {
        "text" : "how long do i have to self-isolate for?",
        "userDefined" : false
      }
    ],
    "isTemplate" : false,
    "count" : 0,
    "updated" : 0
  },
  {
    "id" : "6165ce21-d20d-4f5e-aaee-2be1a984b763",
    "data" : [
      {
        "text" : "how long do i have to stay inside",
        "userDefined" : false
      }
    ],
    "isTemplate" : false,
    "count" : 0,
    "updated" : 0
  },
  {
    "id" : "99bafe92-885d-4661-9d73-8e3497331bcd",
    "data" : [
      {
        "text" : "should i avoid people?",
        "userDefined" : false
      }
    ],
    "isTemplate" : false,
    "count" : 0,
    "updated" : 0
  },
  {
    "id" : "beeee594-d180-47ab-80af-2a5925ff1aff",
    "data" : [
      {
        "text" : "should i stay away from people?",
        "userDefined" : false
      }
    ],
    "isTemplate" : false,
    "count" : 0,
    "updated" : 0
  },
  {
    "id" : "5a2d0349-4b9e-4303-b6bc-5b95b8c39e8a",
    "data" : [
      {
        "text" : "tell me what essential travel is",
        "userDefined" : false
      }
    ],
    "isTemplate" : false,
    "count" : 0,
    "updated" : 0
  },
  {
    "id" : "5060d762-ac42-4838-959c-8799658527af",
    "data" : [
      {
        "text" : "what amount of time do i have to self-isolate for?",
        "userDefined" : false
      }
    ],
    "isTemplate" : false,
    "count" : 0,
    "updated" : 0
  },
  {
    "id" : "5fbd22d0-7130-452e-8204-7685b8985450",
    "data" : [
      {
        "text" : "what are the guidelines for social-distancing",
        "userDefined" : false
      }
    ],
    "isTemplate" : false,
    "count" : 0,
    "updated" : 0
  },
  {
    "id" : "dec9e49e-6983-4957-bf05-58484a195c5c",
    "data" : [
      {
        "text" : "what do i have to self-isolate for?",
        "userDefined" : false
      }
    ],
    "isTemplate" : false,
    "count" : 0,
    "updated" : 0
  },
  {
    "id" : "8d53eac3-3c18-4ca7-9ea1-ce509d86295b",
    "data" : [
      {
        "text" : "what if i want to go for a walk",
        "userDefined" : false
      }
    ],
    "isTemplate" : false,
    "count" : 0,
    "updated" : 0
  },
  {
    "id" : "a09b3433-1962-4561-9203-18e9bf5a78b2",
    "data" : [
      {
        "text" : "what is essential travel?",
        "userDefined" : false
      }
    ],
    "isTemplate" : false,
    "count" : 0,
    "updated" : 0
  },
  {
    "id" : "8a14cefe-037b-45d0-aa9c-056d8e30ba28",
    "data" : [
      {
        "text" : "what is quarantine?",
        "userDefined" : false
      }
    ],
    "isTemplate" : false,
    "count" : 0,
    "updated" : 0
  },
  {
    "id" : "9d80efdc-a1cf-4c1f-8e18-e1c6520d916f",
    "data" : [
      {
        "text" : "what is self-isolation",
        "userDefined" : false
      }
    ],
    "isTemplate" : false,
    "count" : 0,
    "updated" : 0
  },
  {
    "id" : "6d860d9b-fdc0-4b98-a5b4-940f8f9eae50",
    "data" : [
      {
        "text" : "what is social distancing",
        "userDefined" : false
      }
    ],
    "isTemplate" : false,
    "count" : 0,
    "updated" : 0
  },
  {
    "id" : "cf84061f-3ea0-4297-a1d2-2de560dfeb30",
    "data" : [
      {
        "text" : "when should i stay in isolation?",
        "userDefined" : false
      }
    ],
    "isTemplate" : false,
    "count" : 0,
    "updated" : 0
  },
  {
    "id" : "75e9302c-fd93-4a63-9459-dc3e9277e177",
    "data" : [
      {
        "text" : "who doesn't need to stay at home?",
        "userDefined" : false
      }
    ],
    "isTemplate" : false,
    "count" : 0,
    "updated" : 0
  },
  {
    "id" : "fdce33ba-3e59-4b8b-b255-60d819270d7f",
    "data" : [
      {
        "text" : "who needs to stay at home?",
        "userDefined" : false
      }
    ],
    "isTemplate" : false,
    "count" : 0,
    "updated" : 0
  },
  {
    "id" : "8ecb2b01-e5d1-4fa3-9b9e-5ea66578594f",
    "data" : [
      {
        "text" : "why do i have to stay inside?",
        "userDefined" : false
      }
    ],
    "isTemplate" : false,
    "count" : 0,
    "updated" : 0
  },
  {
    "id" : "9c3ffe45-dc20-4cfe-96db-469371fb31d8",
    "data" : [
      {
        "text" : "why does social distancing help?",
        "userDefined" : false
      }
    ],
    "isTemplate" : false,
    "count" : 0,
    "updated" : 0
  },
  {
    "id" : "b4bbe0ff-f7cd-43a3-9382-e63044e17cd3",
    "data" : [
      {
        "text" : "why should i isolate",
        "userDefined" : false
      }
    ],
    "isTemplate" : false,
    "count" : 0,
    "updated" : 0
  }
]