[
  {
    "id" : "68c7b225-f01f-440d-84d1-f883994376f9",
    "data" : [
      {
        "text" : "are there a lot of cases right now?",
        "userDefined" : false
      }
    ],
    "isTemplate" : false,
    "count" : 0,
    "updated" : 0
  },
  {
    "id" : "2d69877b-fa57-49e2-9e6f-21a9e7f13247",
    "data" : [
      {
        "text" : "does the country have a lot of cases?",
        "userDefined" : false
      }
    ],
    "isTemplate" : false,
    "count" : 0,
    "updated" : 0
  },
  {
    "id" : "0dc63b45-8472-44b7-ad5a-c2eebc05f231",
    "data" : [
      {
        "text" : "does the have a lot of cases?",
        "userDefined" : false
      }
    ],
    "isTemplate" : false,
    "count" : 0,
    "updated" : 0
  },
  {
    "id" : "8ee98ddc-bcc5-4215-9160-742c83316f76",
    "data" : [
      {
        "text" : "have many people died due to covid-19?",
        "userDefined" : false
      }
    ],
    "isTemplate" : false,
    "count" : 0,
    "updated" : 0
  },
  {
    "id" : "dba85766-f21b-45cd-b86b-6f9660b58cae",
    "data" : [
      {
        "text" : "how many cases have there been",
        "userDefined" : false
      }
    ],
    "isTemplate" : false,
    "count" : 0,
    "updated" : 0
  },
  {
    "id" : "03006c85-d7eb-4c06-bd34-785d8bf9e040",
    "data" : [
      {
        "text" : "how many cases of corona infection have there been?",
        "userDefined" : false
      }
    ],
    "isTemplate" : false,
    "count" : 0,
    "updated" : 0
  },
  {
    "id" : "90384c6b-94c0-4fe7-9a9f-9c232799f550",
    "data" : [
      {
        "text" : "how many deaths have there been?",
        "userDefined" : false
      }
    ],
    "isTemplate" : false,
    "count" : 0,
    "updated" : 0
  },
  {
    "id" : "e3367d75-0067-4177-8539-de5e86c74a0b",
    "data" : [
      {
        "text" : "how many fatalities have there been?",
        "userDefined" : false
      }
    ],
    "isTemplate" : false,
    "count" : 0,
    "updated" : 0
  },
  {
    "id" : "eb6d1799-6f43-4f5c-a402-76187457284f",
    "data" : [
      {
        "text" : "how many have died due to coronavirus",
        "userDefined" : false
      }
    ],
    "isTemplate" : false,
    "count" : 0,
    "updated" : 0
  },
  {
    "id" : "95157e03-99a0-4700-9656-cc1d82f7a3c3",
    "data" : [
      {
        "text" : "how many have tested positive?",
        "userDefined" : false
      }
    ],
    "isTemplate" : false,
    "count" : 0,
    "updated" : 0
  },
  {
    "id" : "4071f691-5781-4ec9-9631-cbe98eb45112",
    "data" : [
      {
        "text" : "how many people have been infected",
        "userDefined" : false
      }
    ],
    "isTemplate" : false,
    "count" : 0,
    "updated" : 0
  },
  {
    "id" : "1688bb8a-7377-48c4-ae71-e842fbc3ce84",
    "data" : [
      {
        "text" : "how many people have tested positive",
        "userDefined" : false
      }
    ],
    "isTemplate" : false,
    "count" : 0,
    "updated" : 0
  },
  {
    "id" : "e835e964-f5a2-4796-a570-9c7b5b12cce3",
    "data" : [
      {
        "text" : "number of cases infections",
        "userDefined" : false
      }
    ],
    "isTemplate" : false,
    "count" : 0,
    "updated" : 0
  },
  {
    "id" : "149b38b8-da6c-4c67-a2a3-9b142bfb85fa",
    "data" : [
      {
        "text" : "what is the fatality number?",
        "userDefined" : false
      }
    ],
    "isTemplate" : false,
    "count" : 0,
    "updated" : 0
  },
  {
    "id" : "4d3d676c-c7a3-43db-95a2-581bbb43205c",
    "data" : [
      {
        "text" : "what is the fatality rate?",
        "userDefined" : false
      }
    ],
    "isTemplate" : false,
    "count" : 0,
    "updated" : 0
  },
  {
    "id" : "d6fa4b6e-7491-43ed-bb0b-2bf0030208e3",
    "data" : [
      {
        "text" : "what is the number of cases",
        "userDefined" : false
      }
    ],
    "isTemplate" : false,
    "count" : 0,
    "updated" : 0
  },
  {
    "id" : "9137955e-2294-4803-bb66-dedb1fece6ed",
    "data" : [
      {
        "text" : "what is the number of deaths",
        "userDefined" : false
      }
    ],
    "isTemplate" : false,
    "count" : 0,
    "updated" : 0
  },
  {
    "id" : "87118d66-c971-4e9c-89fe-ce6e0989d73e",
    "data" : [
      {
        "text" : "what is the number of fatalities?",
        "userDefined" : false
      }
    ],
    "isTemplate" : false,
    "count" : 0,
    "updated" : 0
  },
  {
    "id" : "ab2adb43-9c09-40a9-9fac-33f74ddb3b56",
    "data" : [
      {
        "text" : "what is the number of infections?",
        "userDefined" : false
      }
    ],
    "isTemplate" : false,
    "count" : 0,
    "updated" : 0
  },
  {
    "id" : "ab15df0c-f34b-4042-aafd-2f49db725ee2",
    "data" : [
      {
        "text" : "what number have tested positive?",
        "userDefined" : false
      }
    ],
    "isTemplate" : false,
    "count" : 0,
    "updated" : 0
  },
  {
    "id" : "992f96d5-2b39-4194-8649-7fc13662513f",
    "data" : [
      {
        "text" : "what number of infections are there?",
        "userDefined" : false
      }
    ],
    "isTemplate" : false,
    "count" : 0,
    "updated" : 0
  },
  {
    "id" : "8aae195a-6135-4bbe-9e22-ca19cd5b98f9",
    "data" : [
      {
        "text" : "what number of people have been infected?",
        "userDefined" : false
      }
    ],
    "isTemplate" : false,
    "count" : 0,
    "updated" : 0
  },
  {
    "id" : "e51d450a-5d43-4e86-8934-1a39c3df076d",
    "data" : [
      {
        "text" : "what number of people have tested positive?",
        "userDefined" : false
      }
    ],
    "isTemplate" : false,
    "count" : 0,
    "updated" : 0
  }
]