[
  {
    "id" : "35a4c976-c499-4522-a2a9-ded120845f3e",
    "data" : [
      {
        "text" : "are the supermarkets going to run out of food?",
        "userDefined" : false
      }
    ],
    "isTemplate" : false,
    "count" : 0,
    "updated" : 0
  },
  {
    "id" : "7f14f4de-94a9-43ff-b182-f5b090de4de7",
    "data" : [
      {
        "text" : "are the supermarkets going to run out of supplies?",
        "userDefined" : false
      }
    ],
    "isTemplate" : false,
    "count" : 0,
    "updated" : 0
  },
  {
    "id" : "5e575347-5f50-4a10-88f4-11629201530f",
    "data" : [
      {
        "text" : "can i go to the shops for",
        "userDefined" : false
      }
    ],
    "isTemplate" : false,
    "count" : 0,
    "updated" : 0
  },
  {
    "id" : "1123856e-287c-4c27-bda7-7dda6ae96c37",
    "data" : [
      {
        "text" : "can i go to the shops for that?",
        "userDefined" : false
      }
    ],
    "isTemplate" : false,
    "count" : 0,
    "updated" : 0
  },
  {
    "id" : "9477ac88-31f2-4ea8-9c1c-2c38ad5d72d6",
    "data" : [
      {
        "text" : "could there be shortages?",
        "userDefined" : false
      }
    ],
    "isTemplate" : false,
    "count" : 0,
    "updated" : 0
  },
  {
    "id" : "4a713cee-6d15-4be3-b2fe-bdc8942c165d",
    "data" : [
      {
        "text" : "do i need to buy anything?",
        "userDefined" : false
      }
    ],
    "isTemplate" : false,
    "count" : 0,
    "updated" : 0
  },
  {
    "id" : "1677ea3e-12aa-4d55-a8e7-f21ce2fa1131",
    "data" : [
      {
        "text" : "do i need to buy more",
        "userDefined" : false
      }
    ],
    "isTemplate" : false,
    "count" : 0,
    "updated" : 0
  },
  {
    "id" : "0109918e-b893-4e0e-bede-767aec33cd67",
    "data" : [
      {
        "text" : "do i need to buy more toilet paper",
        "userDefined" : false
      }
    ],
    "isTemplate" : false,
    "count" : 0,
    "updated" : 0
  },
  {
    "id" : "6ade1622-dc4c-4710-9f3d-544159a1e162",
    "data" : [
      {
        "text" : "do people need to stockpile?",
        "userDefined" : false
      }
    ],
    "isTemplate" : false,
    "count" : 0,
    "updated" : 0
  },
  {
    "id" : "589d1ffc-9631-46ba-b515-980bedc4596b",
    "data" : [
      {
        "text" : "i need to buy",
        "userDefined" : false
      }
    ],
    "isTemplate" : false,
    "count" : 0,
    "updated" : 0
  },
  {
    "id" : "d3754746-fc3b-4bfe-af5e-774712f15c6e",
    "data" : [
      {
        "text" : "i need to buy can i go to the shops for that?",
        "userDefined" : false
      }
    ],
    "isTemplate" : false,
    "count" : 0,
    "updated" : 0
  },
  {
    "id" : "f3052533-f88c-45f4-83f5-51ad17dc1457",
    "data" : [
      {
        "text" : "i need to buy more",
        "userDefined" : false
      }
    ],
    "isTemplate" : false,
    "count" : 0,
    "updated" : 0
  },
  {
    "id" : "26eac350-5c1c-4856-9692-9f13829bca93",
    "data" : [
      {
        "text" : "i need to buy more medicine",
        "userDefined" : false
      }
    ],
    "isTemplate" : false,
    "count" : 0,
    "updated" : 0
  },
  {
    "id" : "35a287b7-ffff-4a6b-87c8-fc0410bea2d3",
    "data" : [
      {
        "text" : "i need to buy more soap",
        "userDefined" : false
      }
    ],
    "isTemplate" : false,
    "count" : 0,
    "updated" : 0
  },
  {
    "id" : "cfb595c8-7f9b-4ee0-aa7a-27198aaae985",
    "data" : [
      {
        "text" : "i'm worried about supply chains",
        "userDefined" : false
      }
    ],
    "isTemplate" : false,
    "count" : 0,
    "updated" : 0
  },
  {
    "id" : "e0bb978a-8610-4835-aa3a-429ee9a70597",
    "data" : [
      {
        "text" : "should i stockpile?",
        "userDefined" : false
      }
    ],
    "isTemplate" : false,
    "count" : 0,
    "updated" : 0
  },
  {
    "id" : "ce08dc3a-dc3c-490b-a60e-a5de55a66943",
    "data" : [
      {
        "text" : "should we be worried about food shortages?",
        "userDefined" : false
      }
    ],
    "isTemplate" : false,
    "count" : 0,
    "updated" : 0
  },
  {
    "id" : "dcbd4eb5-26c1-443d-a23c-30341ee82115",
    "data" : [
      {
        "text" : "what extra supplies to do i need",
        "userDefined" : false
      }
    ],
    "isTemplate" : false,
    "count" : 0,
    "updated" : 0
  },
  {
    "id" : "1c914ef9-bd49-4d7f-9ad9-0273d04eb59c",
    "data" : [
      {
        "text" : "what food should i be stocking up?",
        "userDefined" : false
      }
    ],
    "isTemplate" : false,
    "count" : 0,
    "updated" : 0
  },
  {
    "id" : "e998ce12-1be1-4d2c-bc3a-0eca6c42ea98",
    "data" : [
      {
        "text" : "what if i need to buy more soap?",
        "userDefined" : false
      }
    ],
    "isTemplate" : false,
    "count" : 0,
    "updated" : 0
  },
  {
    "id" : "92156c0b-d428-4a4c-adac-894ca2748d8c",
    "data" : [
      {
        "text" : "what if i run out of soap and need to buy more?",
        "userDefined" : false
      }
    ],
    "isTemplate" : false,
    "count" : 0,
    "updated" : 0
  },
  {
    "id" : "20783b6f-c660-425c-9639-3c808f60e6d5",
    "data" : [
      {
        "text" : "what is panic buying",
        "userDefined" : false
      }
    ],
    "isTemplate" : false,
    "count" : 0,
    "updated" : 0
  },
  {
    "id" : "b84d6cdf-35db-43c2-b204-6aca7f773e5b",
    "data" : [
      {
        "text" : "what kind of food should i buy?",
        "userDefined" : false
      }
    ],
    "isTemplate" : false,
    "count" : 0,
    "updated" : 0
  },
  {
    "id" : "f08e86b4-96d1-470d-a43f-996523a36bb1",
    "data" : [
      {
        "text" : "what should i do if the supermarkets are empty?",
        "userDefined" : false
      }
    ],
    "isTemplate" : false,
    "count" : 0,
    "updated" : 0
  },
  {
    "id" : "bab9bd6c-6f8b-467f-b1da-e6c6da7c6b37",
    "data" : [
      {
        "text" : "what should i do if there's a shortage?",
        "userDefined" : false
      }
    ],
    "isTemplate" : false,
    "count" : 0,
    "updated" : 0
  },
  {
    "id" : "0a9d8795-014f-4de1-b97d-5a99ba15b793",
    "data" : [
      {
        "text" : "what should i stock up on?",
        "userDefined" : false
      }
    ],
    "isTemplate" : false,
    "count" : 0,
    "updated" : 0
  },
  {
    "id" : "e275a631-bad5-4ea6-ab02-94aa678511bf",
    "data" : [
      {
        "text" : "what supplies might there be a shortage of?",
        "userDefined" : false
      }
    ],
    "isTemplate" : false,
    "count" : 0,
    "updated" : 0
  },
  {
    "id" : "903d38f5-5255-41bb-addb-d922e4866b18",
    "data" : [
      {
        "text" : "what supplies should i stock up on?",
        "userDefined" : false
      }
    ],
    "isTemplate" : false,
    "count" : 0,
    "updated" : 0
  },
  {
    "id" : "037bcad9-b381-4728-93f5-cb2b55fa908a",
    "data" : [
      {
        "text" : "what things should i buy",
        "userDefined" : false
      }
    ],
    "isTemplate" : false,
    "count" : 0,
    "updated" : 0
  },
  {
    "id" : "4d39d68c-6b0f-4bac-ae85-4c304df7f703",
    "data" : [
      {
        "text" : "what type of food is good for stocking up?",
        "userDefined" : false
      }
    ],
    "isTemplate" : false,
    "count" : 0,
    "updated" : 0
  },
  {
    "id" : "d48bce06-e651-475f-a2b1-71d3eee8f004",
    "data" : [
      {
        "text" : "why are people panic-buying?",
        "userDefined" : false
      }
    ],
    "isTemplate" : false,
    "count" : 0,
    "updated" : 0
  },
  {
    "id" : "091ffe94-978f-47a3-9a00-11a2168dc7e1",
    "data" : [
      {
        "text" : "will shortages be a problem?",
        "userDefined" : false
      }
    ],
    "isTemplate" : false,
    "count" : 0,
    "updated" : 0
  },
  {
    "id" : "44719b7a-7788-45ad-9e74-8126379d5222",
    "data" : [
      {
        "text" : "will supply chains be affected",
        "userDefined" : false
      }
    ],
    "isTemplate" : false,
    "count" : 0,
    "updated" : 0
  }
]