[
  {
    "id" : "a69e12c5-4fec-4ae2-afbf-d76c8402f760",
    "data" : [
      {
        "text" : "am i more vulnerable if i have cancer?",
        "userDefined" : false
      }
    ],
    "isTemplate" : false,
    "count" : 0,
    "updated" : 0
  },
  {
    "id" : "414c96e8-d386-4caf-8822-64f08371051f",
    "data" : [
      {
        "text" : "are children at risk of coronavirus?",
        "userDefined" : false
      }
    ],
    "isTemplate" : false,
    "count" : 0,
    "updated" : 0
  },
  {
    "id" : "3b3f1849-f426-4907-b69a-5c64cb660972",
    "data" : [
      {
        "text" : "are children vulnerable to corona virus?",
        "userDefined" : false
      }
    ],
    "isTemplate" : false,
    "count" : 0,
    "updated" : 0
  },
  {
    "id" : "2ae71c35-6dec-49d3-9c89-a9b4465cf4ef",
    "data" : [
      {
        "text" : "are my dogs at risk?",
        "userDefined" : false
      }
    ],
    "isTemplate" : false,
    "count" : 0,
    "updated" : 0
  },
  {
    "id" : "0e8c975e-81bf-4ea9-af7d-3c7badfaa988",
    "data" : [
      {
        "text" : "can cats get the virus?",
        "userDefined" : false
      }
    ],
    "isTemplate" : false,
    "count" : 0,
    "updated" : 0
  },
  {
    "id" : "8231ee7c-72b1-4fc5-976b-acecc8c693a3",
    "data" : [
      {
        "text" : "can children be vulnerable to coronavirus",
        "userDefined" : false
      }
    ],
    "isTemplate" : false,
    "count" : 0,
    "updated" : 0
  },
  {
    "id" : "f327733b-fd13-4758-bda1-fef1e0bf39cb",
    "data" : [
      {
        "text" : "can children get coronavirus?",
        "userDefined" : false
      }
    ],
    "isTemplate" : false,
    "count" : 0,
    "updated" : 0
  },
  {
    "id" : "4a86c9b1-00b5-4263-8eef-dc896372c3f0",
    "data" : [
      {
        "text" : "can children get it?",
        "userDefined" : false
      }
    ],
    "isTemplate" : false,
    "count" : 0,
    "updated" : 0
  },
  {
    "id" : "b8e69029-3157-453c-88dd-c1774fe5155d",
    "data" : [
      {
        "text" : "can dogs get the virus?",
        "userDefined" : false
      }
    ],
    "isTemplate" : false,
    "count" : 0,
    "updated" : 0
  },
  {
    "id" : "f891c8ed-d7bb-4996-9943-b1ba5eb604a7",
    "data" : [
      {
        "text" : "can my cat get the virus?",
        "userDefined" : false
      }
    ],
    "isTemplate" : false,
    "count" : 0,
    "updated" : 0
  },
  {
    "id" : "1ee7e670-5a58-4aec-a9be-a7265e013157",
    "data" : [
      {
        "text" : "can pets get the virus?",
        "userDefined" : false
      }
    ],
    "isTemplate" : false,
    "count" : 0,
    "updated" : 0
  },
  {
    "id" : "83013e2c-1e7d-448f-8529-ee90d474e3a9",
    "data" : [
      {
        "text" : "can your age affect the severity of the illness?",
        "userDefined" : false
      }
    ],
    "isTemplate" : false,
    "count" : 0,
    "updated" : 0
  },
  {
    "id" : "7dc7f6c5-847a-4c83-84d4-4d9841e2e963",
    "data" : [
      {
        "text" : "can your age affect the severity?",
        "userDefined" : false
      }
    ],
    "isTemplate" : false,
    "count" : 0,
    "updated" : 0
  },
  {
    "id" : "e5dfdf5c-81b1-470f-b181-94673b693abe",
    "data" : [
      {
        "text" : "does my age matter?",
        "userDefined" : false
      }
    ],
    "isTemplate" : false,
    "count" : 0,
    "updated" : 0
  },
  {
    "id" : "fd19b6ad-6cde-4c78-ae7c-1a8d96a70f3c",
    "data" : [
      {
        "text" : "does respiratory disease increase my risk?",
        "userDefined" : false
      }
    ],
    "isTemplate" : false,
    "count" : 0,
    "updated" : 0
  },
  {
    "id" : "2e8be2b1-1d55-4924-b736-f406a2e05d3f",
    "data" : [
      {
        "text" : "how many years old are those at risk?",
        "userDefined" : false
      }
    ],
    "isTemplate" : false,
    "count" : 0,
    "updated" : 0
  },
  {
    "id" : "f74f69c9-cbf8-49fa-b842-0f550fcb2b9c",
    "data" : [
      {
        "text" : "how what age group is most at risk?",
        "userDefined" : false
      }
    ],
    "isTemplate" : false,
    "count" : 0,
    "updated" : 0
  },
  {
    "id" : "9709f421-00c0-46c4-bdad-2e81a38766ef",
    "data" : [
      {
        "text" : "i am pregnant, am i at a higher risk?",
        "userDefined" : false
      }
    ],
    "isTemplate" : false,
    "count" : 0,
    "updated" : 0
  },
  {
    "id" : "0f9bf868-d566-4ca3-90f1-77268b64f397",
    "data" : [
      {
        "text" : "i am years old",
        "userDefined" : false
      }
    ],
    "isTemplate" : false,
    "count" : 0,
    "updated" : 0
  },
  {
    "id" : "6d26488a-5fa0-43f6-890e-b4fffce928f4",
    "data" : [
      {
        "text" : "i am years old, am i at risk?",
        "userDefined" : false
      }
    ],
    "isTemplate" : false,
    "count" : 0,
    "updated" : 0
  },
  {
    "id" : "5ac6b18a-ebbc-4554-8a70-ec3b795fc090",
    "data" : [
      {
        "text" : "i have asthma, am i more at risk?",
        "userDefined" : false
      }
    ],
    "isTemplate" : false,
    "count" : 0,
    "updated" : 0
  },
  {
    "id" : "754c50f4-9e56-4bf8-b12f-fa9fca4b4981",
    "data" : [
      {
        "text" : "i'm concerned about my parents",
        "userDefined" : false
      }
    ],
    "isTemplate" : false,
    "count" : 0,
    "updated" : 0
  },
  {
    "id" : "7ea5fa98-19d1-4890-a5ec-aeb927ecd5c3",
    "data" : [
      {
        "text" : "i'm pregnant, am i at a higher risk?",
        "userDefined" : false
      }
    ],
    "isTemplate" : false,
    "count" : 0,
    "updated" : 0
  },
  {
    "id" : "0ff25923-d99f-49d6-969a-3d37b3ae2eec",
    "data" : [
      {
        "text" : "i'm worried about my grand parents",
        "userDefined" : false
      }
    ],
    "isTemplate" : false,
    "count" : 0,
    "updated" : 0
  },
  {
    "id" : "d48dcfbf-af7c-44f4-a69f-e5de11104668",
    "data" : [
      {
        "text" : "is someone diabetic more vulnerable?",
        "userDefined" : false
      }
    ],
    "isTemplate" : false,
    "count" : 0,
    "updated" : 0
  },
  {
    "id" : "5d70eca2-f35d-4526-8711-cc2d7655da52",
    "data" : [
      {
        "text" : "should i be worried about my parents?",
        "userDefined" : false
      }
    ],
    "isTemplate" : false,
    "count" : 0,
    "updated" : 0
  },
  {
    "id" : "ef3287e2-61bb-4c3d-bbe3-4300f7bc6f08",
    "data" : [
      {
        "text" : "should i be worried if i'm expecting?",
        "userDefined" : false
      }
    ],
    "isTemplate" : false,
    "count" : 0,
    "updated" : 0
  },
  {
    "id" : "a01efbe9-3073-4a34-a909-544d3325bcef",
    "data" : [
      {
        "text" : "what age group is most vulnerable?",
        "userDefined" : false
      }
    ],
    "isTemplate" : false,
    "count" : 0,
    "updated" : 0
  },
  {
    "id" : "a3292b2c-c8ca-4880-8364-a5d7802b8bd4",
    "data" : [
      {
        "text" : "what age range is most at risk?",
        "userDefined" : false
      }
    ],
    "isTemplate" : false,
    "count" : 0,
    "updated" : 0
  },
  {
    "id" : "52287b16-292a-4440-8b1c-f801f49ff7de",
    "data" : [
      {
        "text" : "what are the high risk groups?",
        "userDefined" : false
      }
    ],
    "isTemplate" : false,
    "count" : 0,
    "updated" : 0
  },
  {
    "id" : "2289f861-7ab4-486d-8641-fdff95dcd1d8",
    "data" : [
      {
        "text" : "what are ventilators for?",
        "userDefined" : false
      }
    ],
    "isTemplate" : false,
    "count" : 0,
    "updated" : 0
  },
  {
    "id" : "9738b7f3-4e9d-4684-8de2-1352ebaa9258",
    "data" : [
      {
        "text" : "what groups are vulnerable?",
        "userDefined" : false
      }
    ],
    "isTemplate" : false,
    "count" : 0,
    "updated" : 0
  },
  {
    "id" : "b512856a-90df-4354-bd19-453ef08f4525",
    "data" : [
      {
        "text" : "what if i'm high risk?",
        "userDefined" : false
      }
    ],
    "isTemplate" : false,
    "count" : 0,
    "updated" : 0
  },
  {
    "id" : "db1f5d9e-eb36-401a-b88d-c22adc2bc0f9",
    "data" : [
      {
        "text" : "what if i'm years old?",
        "userDefined" : false
      }
    ],
    "isTemplate" : false,
    "count" : 0,
    "updated" : 0
  },
  {
    "id" : "a5a3aa63-6bb0-4d9e-ab94-804f73a282d0",
    "data" : [
      {
        "text" : "what if someone is diabetic?",
        "userDefined" : false
      }
    ],
    "isTemplate" : false,
    "count" : 0,
    "updated" : 0
  },
  {
    "id" : "6bd2cc73-d071-476c-bcd8-c853b09a919e",
    "data" : [
      {
        "text" : "what people are most likely to experience severe symptoms?",
        "userDefined" : false
      }
    ],
    "isTemplate" : false,
    "count" : 0,
    "updated" : 0
  },
  {
    "id" : "1a5d2365-2b9d-4478-80d9-94681e59fcdb",
    "data" : [
      {
        "text" : "what people are most likely to need the hospital",
        "userDefined" : false
      }
    ],
    "isTemplate" : false,
    "count" : 0,
    "updated" : 0
  },
  {
    "id" : "86d868b5-0e4b-45f1-8f80-f16e406501d3",
    "data" : [
      {
        "text" : "who is most at risk of severe symptoms?",
        "userDefined" : false
      }
    ],
    "isTemplate" : false,
    "count" : 0,
    "updated" : 0
  },
  {
    "id" : "48e6e848-9de6-4ba9-ac08-daf04da26b58",
    "data" : [
      {
        "text" : "who is most likely to need hospital treatment?",
        "userDefined" : false
      }
    ],
    "isTemplate" : false,
    "count" : 0,
    "updated" : 0
  },
  {
    "id" : "f50f2013-79ec-4292-8953-3f5df4e1231d",
    "data" : [
      {
        "text" : "who is most likely to need the hospital?",
        "userDefined" : false
      }
    ],
    "isTemplate" : false,
    "count" : 0,
    "updated" : 0
  },
  {
    "id" : "a71c3b2e-22cf-4481-b9d8-b90fd4cca571",
    "data" : [
      {
        "text" : "who might need intensive care?",
        "userDefined" : false
      }
    ],
    "isTemplate" : false,
    "count" : 0,
    "updated" : 0
  },
  {
    "id" : "bb842ca5-c535-4351-bfa7-a36244228c58",
    "data" : [
      {
        "text" : "who might need ventilators?",
        "userDefined" : false
      }
    ],
    "isTemplate" : false,
    "count" : 0,
    "updated" : 0
  },
  {
    "id" : "b2d5a7f7-a8bb-4f46-8cf9-68614bcd366f",
    "data" : [
      {
        "text" : "who should avoid contact during the outbreak?",
        "userDefined" : false
      }
    ],
    "isTemplate" : false,
    "count" : 0,
    "updated" : 0
  },
  {
    "id" : "de6b86c1-abff-4282-b3f4-8392ae39f4f3",
    "data" : [
      {
        "text" : "who should avoid contact?",
        "userDefined" : false
      }
    ],
    "isTemplate" : false,
    "count" : 0,
    "updated" : 0
  },
  {
    "id" : "b602dde7-009a-4e0a-921d-3d16fa4ca882",
    "data" : [
      {
        "text" : "who should i avoid contact with during the outbreak?",
        "userDefined" : false
      }
    ],
    "isTemplate" : false,
    "count" : 0,
    "updated" : 0
  },
  {
    "id" : "3add93b4-7ad4-450b-ba54-aa75660ecea6",
    "data" : [
      {
        "text" : "why are older age people more at risk from this illness?",
        "userDefined" : false
      }
    ],
    "isTemplate" : false,
    "count" : 0,
    "updated" : 0
  },
  {
    "id" : "caef516c-efae-4cd7-8b23-d43ea68fe87f",
    "data" : [
      {
        "text" : "why are symptoms more severe depending on how old i am?",
        "userDefined" : false
      }
    ],
    "isTemplate" : false,
    "count" : 0,
    "updated" : 0
  },
  {
    "id" : "c5437e20-0c6e-42df-8f31-387891eb27d6",
    "data" : [
      {
        "text" : "why are symptoms more severe in some people?",
        "userDefined" : false
      }
    ],
    "isTemplate" : false,
    "count" : 0,
    "updated" : 0
  },
  {
    "id" : "82170d94-092a-4d85-b5db-7363621929c4",
    "data" : [
      {
        "text" : "why do some people need intensive care?",
        "userDefined" : false
      }
    ],
    "isTemplate" : false,
    "count" : 0,
    "updated" : 0
  },
  {
    "id" : "88356a1e-b131-4cc3-a659-550ba4f63bde",
    "data" : [
      {
        "text" : "why do we need ventilators?",
        "userDefined" : false
      }
    ],
    "isTemplate" : false,
    "count" : 0,
    "updated" : 0
  },
  {
    "id" : "8108447f-d98a-4433-bd44-67bf88e79cd7",
    "data" : [
      {
        "text" : "why does age affect the severity?",
        "userDefined" : false
      }
    ],
    "isTemplate" : false,
    "count" : 0,
    "updated" : 0
  },
  {
    "id" : "81c4fa87-8bbb-49e8-93bf-2bf154ff91aa",
    "data" : [
      {
        "text" : "why does my age matter?",
        "userDefined" : false
      }
    ],
    "isTemplate" : false,
    "count" : 0,
    "updated" : 0
  }
]