[
  {
    "id" : "a786e081-334b-484c-9bc0-1596e1968419",
    "data" : [
      {
        "text" : "how are viruses different from bacteria?",
        "userDefined" : false
      }
    ],
    "isTemplate" : false,
    "count" : 0,
    "updated" : 0
  },
  {
    "id" : "6dbd9469-8b1b-43a8-abdd-43bb80eea46e",
    "data" : [
      {
        "text" : "how are viruses structured?",
        "userDefined" : false
      }
    ],
    "isTemplate" : false,
    "count" : 0,
    "updated" : 0
  },
  {
    "id" : "ec89b0cb-499d-40b1-84f8-b69e29c5ad98",
    "data" : [
      {
        "text" : "how do viruses behave?",
        "userDefined" : false
      }
    ],
    "isTemplate" : false,
    "count" : 0,
    "updated" : 0
  },
  {
    "id" : "8127e818-a3bc-4f0a-b08f-579767b7d1e1",
    "data" : [
      {
        "text" : "how do viruses work?",
        "userDefined" : false
      }
    ],
    "isTemplate" : false,
    "count" : 0,
    "updated" : 0
  },
  {
    "id" : "1b297281-d7e8-4555-926a-d94d7e3ed85b",
    "data" : [
      {
        "text" : "how does a pandemic work?",
        "userDefined" : false
      }
    ],
    "isTemplate" : false,
    "count" : 0,
    "updated" : 0
  },
  {
    "id" : "fb2bbf9c-7937-45f2-913b-eda55573dfe9",
    "data" : [
      {
        "text" : "how does a virus work?",
        "userDefined" : false
      }
    ],
    "isTemplate" : false,
    "count" : 0,
    "updated" : 0
  },
  {
    "id" : "35b74c56-beb2-4228-b855-6ff73dd39cdc",
    "data" : [
      {
        "text" : "how does an epidemic work?",
        "userDefined" : false
      }
    ],
    "isTemplate" : false,
    "count" : 0,
    "updated" : 0
  },
  {
    "id" : "c290bd8c-cdeb-4abd-8fa1-dfcac74a53c6",
    "data" : [
      {
        "text" : "how does corona virus work?",
        "userDefined" : false
      }
    ],
    "isTemplate" : false,
    "count" : 0,
    "updated" : 0
  },
  {
    "id" : "e4017b2e-ef99-4d85-a492-d39f9475182c",
    "data" : [
      {
        "text" : "how does covid work as a disease?",
        "userDefined" : false
      }
    ],
    "isTemplate" : false,
    "count" : 0,
    "updated" : 0
  },
  {
    "id" : "c111c42d-bb1b-46bd-bb77-968779a24a96",
    "data" : [
      {
        "text" : "how does covid work?",
        "userDefined" : false
      }
    ],
    "isTemplate" : false,
    "count" : 0,
    "updated" : 0
  },
  {
    "id" : "14dfb42c-4dde-4de0-9640-a7e453c92457",
    "data" : [
      {
        "text" : "how is a virus structured?",
        "userDefined" : false
      }
    ],
    "isTemplate" : false,
    "count" : 0,
    "updated" : 0
  },
  {
    "id" : "9c5d094d-eb6c-4620-9787-10595c2e6eb4",
    "data" : [
      {
        "text" : "is covid-19 a virus?",
        "userDefined" : false
      }
    ],
    "isTemplate" : false,
    "count" : 0,
    "updated" : 0
  },
  {
    "id" : "3633e995-c6ac-4141-a1f9-b8f4d54f8ac1",
    "data" : [
      {
        "text" : "what are corona viruses?",
        "userDefined" : false
      }
    ],
    "isTemplate" : false,
    "count" : 0,
    "updated" : 0
  },
  {
    "id" : "43aa4ce1-87ba-4a75-aaa9-1e91a991177b",
    "data" : [
      {
        "text" : "what are viruses?",
        "userDefined" : false
      }
    ],
    "isTemplate" : false,
    "count" : 0,
    "updated" : 0
  },
  {
    "id" : "d53b7f64-d8c4-42dc-acc9-38ad2e27c4e6",
    "data" : [
      {
        "text" : "what do they mean by \"pandemic\"",
        "userDefined" : false
      }
    ],
    "isTemplate" : false,
    "count" : 0,
    "updated" : 0
  },
  {
    "id" : "d168fb2b-253d-446d-a38c-cc08cfdb94d8",
    "data" : [
      {
        "text" : "what do viruses look like?",
        "userDefined" : false
      }
    ],
    "isTemplate" : false,
    "count" : 0,
    "updated" : 0
  },
  {
    "id" : "62f55eb6-7e4c-421d-afc5-463c70678f08",
    "data" : [
      {
        "text" : "what does \"pandemic\" mean?",
        "userDefined" : false
      }
    ],
    "isTemplate" : false,
    "count" : 0,
    "updated" : 0
  },
  {
    "id" : "9e0806c9-e794-40e6-ae65-9f540b8301b7",
    "data" : [
      {
        "text" : "what does \"virus\" mean?",
        "userDefined" : false
      }
    ],
    "isTemplate" : false,
    "count" : 0,
    "updated" : 0
  },
  {
    "id" : "c5317f5a-e50f-445a-ada0-d57431917985",
    "data" : [
      {
        "text" : "what does a pandemic mean?",
        "userDefined" : false
      }
    ],
    "isTemplate" : false,
    "count" : 0,
    "updated" : 0
  },
  {
    "id" : "f2537441-f7dd-4493-bd72-2b1bea8836f2",
    "data" : [
      {
        "text" : "what does a virus look like?",
        "userDefined" : false
      }
    ],
    "isTemplate" : false,
    "count" : 0,
    "updated" : 0
  },
  {
    "id" : "d52cc28f-f466-4001-a530-8eb383e912f7",
    "data" : [
      {
        "text" : "what does an epidemic mean?",
        "userDefined" : false
      }
    ],
    "isTemplate" : false,
    "count" : 0,
    "updated" : 0
  },
  {
    "id" : "c9d20422-64fb-4014-8a5b-bd38c7a18ac1",
    "data" : [
      {
        "text" : "what does an outbreak mean?",
        "userDefined" : false
      }
    ],
    "isTemplate" : false,
    "count" : 0,
    "updated" : 0
  },
  {
    "id" : "659a5442-3e77-462a-bfb9-20d8271258f2",
    "data" : [
      {
        "text" : "what does covid mean?",
        "userDefined" : false
      }
    ],
    "isTemplate" : false,
    "count" : 0,
    "updated" : 0
  },
  {
    "id" : "2c734308-0c71-4337-8d06-09ee5fc7bbed",
    "data" : [
      {
        "text" : "what does covid stand for?",
        "userDefined" : false
      }
    ],
    "isTemplate" : false,
    "count" : 0,
    "updated" : 0
  },
  {
    "id" : "3a4c9460-9080-4edb-a030-25c0afa2cc90",
    "data" : [
      {
        "text" : "what does covid19 mean?",
        "userDefined" : false
      }
    ],
    "isTemplate" : false,
    "count" : 0,
    "updated" : 0
  },
  {
    "id" : "6053004e-a93c-4b16-95f1-213336756d90",
    "data" : [
      {
        "text" : "what does covid-19 mean?",
        "userDefined" : false
      }
    ],
    "isTemplate" : false,
    "count" : 0,
    "updated" : 0
  },
  {
    "id" : "8a2386d3-eb9c-4877-9b2e-7e08d60a37ec",
    "data" : [
      {
        "text" : "what does covid19 stand for?",
        "userDefined" : false
      }
    ],
    "isTemplate" : false,
    "count" : 0,
    "updated" : 0
  },
  {
    "id" : "665eebf1-0fd2-4981-a79a-459db153e0e4",
    "data" : [
      {
        "text" : "what is a pandemic?",
        "userDefined" : false
      }
    ],
    "isTemplate" : false,
    "count" : 0,
    "updated" : 0
  },
  {
    "id" : "eb8aad58-bdf8-4084-b764-e0bdc421de49",
    "data" : [
      {
        "text" : "what is a virus?",
        "userDefined" : false
      }
    ],
    "isTemplate" : false,
    "count" : 0,
    "updated" : 0
  },
  {
    "id" : "8b665706-6aea-43ad-ac49-51864748583b",
    "data" : [
      {
        "text" : "what is an epidemic?",
        "userDefined" : false
      }
    ],
    "isTemplate" : false,
    "count" : 0,
    "updated" : 0
  },
  {
    "id" : "2f3b3d48-3a8f-4be8-ad45-878085ecb53f",
    "data" : [
      {
        "text" : "what is corona?",
        "userDefined" : false
      }
    ],
    "isTemplate" : false,
    "count" : 0,
    "updated" : 0
  },
  {
    "id" : "54b481e9-315f-40d5-8147-7d4f66c4f2dc",
    "data" : [
      {
        "text" : "what is covid-19",
        "userDefined" : false
      }
    ],
    "isTemplate" : false,
    "count" : 0,
    "updated" : 0
  },
  {
    "id" : "464b9c72-1f98-401c-ba62-2c1121bb4201",
    "data" : [
      {
        "text" : "what is pandemic",
        "userDefined" : false
      }
    ],
    "isTemplate" : false,
    "count" : 0,
    "updated" : 0
  },
  {
    "id" : "1701c1f4-6a61-4f4c-97a8-6c4119e037c6",
    "data" : [
      {
        "text" : "what is the corona virus?",
        "userDefined" : false
      }
    ],
    "isTemplate" : false,
    "count" : 0,
    "updated" : 0
  },
  {
    "id" : "723351db-6b03-4f10-910c-3dd681681ac1",
    "data" : [
      {
        "text" : "what is the difference between and epidemic and a pandemic?",
        "userDefined" : false
      }
    ],
    "isTemplate" : false,
    "count" : 0,
    "updated" : 0
  },
  {
    "id" : "3dcb2acb-9fd6-49a8-a061-9035d7c2febf",
    "data" : [
      {
        "text" : "what is the full name of coronavirus?",
        "userDefined" : false
      }
    ],
    "isTemplate" : false,
    "count" : 0,
    "updated" : 0
  },
  {
    "id" : "f41a63c4-3e9e-4913-926a-3349a3a0ad8b",
    "data" : [
      {
        "text" : "what is the full name of covid-19?",
        "userDefined" : false
      }
    ],
    "isTemplate" : false,
    "count" : 0,
    "updated" : 0
  },
  {
    "id" : "56aace41-0124-4489-afd5-d260d22487de",
    "data" : [
      {
        "text" : "what is the full name of the virus?",
        "userDefined" : false
      }
    ],
    "isTemplate" : false,
    "count" : 0,
    "updated" : 0
  },
  {
    "id" : "52dc02fd-7720-4bef-b2de-61d2dbc2e5a2",
    "data" : [
      {
        "text" : "what is the structure of coronavirus",
        "userDefined" : false
      }
    ],
    "isTemplate" : false,
    "count" : 0,
    "updated" : 0
  },
  {
    "id" : "46330b39-390f-4abc-9e42-2ebf2d023bfd",
    "data" : [
      {
        "text" : "what kind of disease is corona?",
        "userDefined" : false
      }
    ],
    "isTemplate" : false,
    "count" : 0,
    "updated" : 0
  },
  {
    "id" : "df62ef53-8300-4330-9668-d444989cc07d",
    "data" : [
      {
        "text" : "what kind of illness is corona virus?",
        "userDefined" : false
      }
    ],
    "isTemplate" : false,
    "count" : 0,
    "updated" : 0
  },
  {
    "id" : "004e6f49-ec8b-49b2-b4ce-95aece8a8175",
    "data" : [
      {
        "text" : "why is it called corona virus?",
        "userDefined" : false
      }
    ],
    "isTemplate" : false,
    "count" : 0,
    "updated" : 0
  }
]