[
  {
    "id" : "43d536e7-35bb-419c-b764-b92f6a09e930",
    "data" : [
      {
        "text" : "can a mask protect me?",
        "userDefined" : false
      }
    ],
    "isTemplate" : false,
    "count" : 0,
    "updated" : 0
  },
  {
    "id" : "c6846dbe-c6ee-4dda-ac6a-be792dac15fb",
    "data" : [
      {
        "text" : "can covering my face protect me?",
        "userDefined" : false
      }
    ],
    "isTemplate" : false,
    "count" : 0,
    "updated" : 0
  },
  {
    "id" : "f6f87cb4-b4bd-4940-a994-ed7fa7f638f0",
    "data" : [
      {
        "text" : "do i need to cover my face?",
        "userDefined" : false
      }
    ],
    "isTemplate" : false,
    "count" : 0,
    "updated" : 0
  },
  {
    "id" : "5278993b-247a-49e6-9531-1203c805d85c",
    "data" : [
      {
        "text" : "do i need to start covering my face?",
        "userDefined" : false
      }
    ],
    "isTemplate" : false,
    "count" : 0,
    "updated" : 0
  },
  {
    "id" : "056eda94-9534-4c1f-8670-6daa8e8f331c",
    "data" : [
      {
        "text" : "do mask help?",
        "userDefined" : false
      }
    ],
    "isTemplate" : false,
    "count" : 0,
    "updated" : 0
  },
  {
    "id" : "760f9abc-d91b-42ea-9350-c1f682a72fea",
    "data" : [
      {
        "text" : "do masks help stop the spread?",
        "userDefined" : false
      }
    ],
    "isTemplate" : false,
    "count" : 0,
    "updated" : 0
  },
  {
    "id" : "9de5e1e9-a9a1-48b5-8f8f-ccc5f3b3be99",
    "data" : [
      {
        "text" : "do masks help to stop covid 19?",
        "userDefined" : false
      }
    ],
    "isTemplate" : false,
    "count" : 0,
    "updated" : 0
  },
  {
    "id" : "4980773d-ad99-48fb-933b-b6b8ad9317fc",
    "data" : [
      {
        "text" : "do masks help to stop the spread of corona?",
        "userDefined" : false
      }
    ],
    "isTemplate" : false,
    "count" : 0,
    "updated" : 0
  },
  {
    "id" : "fbb61eb9-84b4-42f3-b7cd-c593bbf77d69",
    "data" : [
      {
        "text" : "how can a mask help?",
        "userDefined" : false
      }
    ],
    "isTemplate" : false,
    "count" : 0,
    "updated" : 0
  },
  {
    "id" : "b1cce4b8-cfa0-4129-9078-10c5ccdbeb63",
    "data" : [
      {
        "text" : "should i cover my face with a mask?",
        "userDefined" : false
      }
    ],
    "isTemplate" : false,
    "count" : 0,
    "updated" : 0
  },
  {
    "id" : "9be4d269-7166-4d6f-903e-9f90e028972b",
    "data" : [
      {
        "text" : "should i cover my face?",
        "userDefined" : false
      }
    ],
    "isTemplate" : false,
    "count" : 0,
    "updated" : 0
  },
  {
    "id" : "52028846-e920-4986-b285-ae01c7a27bdb",
    "data" : [
      {
        "text" : "what is the right kind of mask to use?",
        "userDefined" : false
      }
    ],
    "isTemplate" : false,
    "count" : 0,
    "updated" : 0
  },
  {
    "id" : "35628d4c-527a-4903-983f-c6eb56448e0a",
    "data" : [
      {
        "text" : "what kind of mask should i use?",
        "userDefined" : false
      }
    ],
    "isTemplate" : false,
    "count" : 0,
    "updated" : 0
  },
  {
    "id" : "360c9829-c58a-4883-9a61-ba69ac6cfb65",
    "data" : [
      {
        "text" : "what type of face-mask do i need?",
        "userDefined" : false
      }
    ],
    "isTemplate" : false,
    "count" : 0,
    "updated" : 0
  },
  {
    "id" : "e43ce4ff-0e60-4702-902b-ee8ac6aaa106",
    "data" : [
      {
        "text" : "what type of mask should i use?",
        "userDefined" : false
      }
    ],
    "isTemplate" : false,
    "count" : 0,
    "updated" : 0
  },
  {
    "id" : "1f39a26e-fe74-43ba-9a6a-857576d14525",
    "data" : [
      {
        "text" : "who needs to use face masks?",
        "userDefined" : false
      }
    ],
    "isTemplate" : false,
    "count" : 0,
    "updated" : 0
  },
  {
    "id" : "61cf8db0-cdc4-41ae-8c83-4973c6d14623",
    "data" : [
      {
        "text" : "why are people using face masks?",
        "userDefined" : false
      }
    ],
    "isTemplate" : false,
    "count" : 0,
    "updated" : 0
  },
  {
    "id" : "5454fcd9-f13a-44ba-9ede-146b29773659",
    "data" : [
      {
        "text" : "why is everyone wearing face-masks?",
        "userDefined" : false
      }
    ],
    "isTemplate" : false,
    "count" : 0,
    "updated" : 0
  },
  {
    "id" : "17a2daf1-6dca-4511-9d8a-3e83035193d2",
    "data" : [
      {
        "text" : "will a mask protect me from the virus",
        "userDefined" : false
      }
    ],
    "isTemplate" : false,
    "count" : 0,
    "updated" : 0
  },
  {
    "id" : "b9bc27c7-fa31-4a6f-8f61-0e32202ffd13",
    "data" : [
      {
        "text" : "will it help to cover my face?",
        "userDefined" : false
      }
    ],
    "isTemplate" : false,
    "count" : 0,
    "updated" : 0
  }
]