[
  {
    "id" : "3f5b5350-4e18-435a-a36b-274aaabaf73f",
    "data" : [
      {
        "text" : "how does corona virus compare with a flu outbreak?",
        "userDefined" : false
      }
    ],
    "isTemplate" : false,
    "count" : 0,
    "updated" : 0
  },
  {
    "id" : "32964056-1dfa-413d-9044-7ffb534bcb3f",
    "data" : [
      {
        "text" : "how does covid-19 compare with influenza?",
        "userDefined" : false
      }
    ],
    "isTemplate" : false,
    "count" : 0,
    "updated" : 0
  },
  {
    "id" : "9febf3e1-23d0-47ce-bd11-6f79accd6c3a",
    "data" : [
      {
        "text" : "how does it compare to a cold?",
        "userDefined" : false
      }
    ],
    "isTemplate" : false,
    "count" : 0,
    "updated" : 0
  },
  {
    "id" : "95426b07-fdff-4c6e-a869-7e932c07f99e",
    "data" : [
      {
        "text" : "how is corona different from the flu?",
        "userDefined" : false
      }
    ],
    "isTemplate" : false,
    "count" : 0,
    "updated" : 0
  },
  {
    "id" : "61d78b03-cbf5-40c3-b251-824b44d48d3f",
    "data" : [
      {
        "text" : "how is covid-19 different from the flu",
        "userDefined" : false
      }
    ],
    "isTemplate" : false,
    "count" : 0,
    "updated" : 0
  },
  {
    "id" : "ea49cd42-db17-4840-b435-a8a64c245f69",
    "data" : [
      {
        "text" : "how is this different from the flu",
        "userDefined" : false
      }
    ],
    "isTemplate" : false,
    "count" : 0,
    "updated" : 0
  },
  {
    "id" : "11015d8f-8da4-492a-89da-3d24170df5ec",
    "data" : [
      {
        "text" : "is corona a flu?",
        "userDefined" : false
      }
    ],
    "isTemplate" : false,
    "count" : 0,
    "updated" : 0
  },
  {
    "id" : "d9d4cf01-97d2-4a87-936e-d4533dda75b1",
    "data" : [
      {
        "text" : "is corona the same as swine flu?",
        "userDefined" : false
      }
    ],
    "isTemplate" : false,
    "count" : 0,
    "updated" : 0
  },
  {
    "id" : "b008b3c9-06b2-484a-af52-bff42b68bae7",
    "data" : [
      {
        "text" : "is coronavirus just a bad cold?",
        "userDefined" : false
      }
    ],
    "isTemplate" : false,
    "count" : 0,
    "updated" : 0
  },
  {
    "id" : "16c83d2a-907c-4122-929d-1b1004476ece",
    "data" : [
      {
        "text" : "is coronavirus like influenza?",
        "userDefined" : false
      }
    ],
    "isTemplate" : false,
    "count" : 0,
    "updated" : 0
  },
  {
    "id" : "85ba1dd7-3460-4cc6-b0dd-5d07e3c5782b",
    "data" : [
      {
        "text" : "is covid a kind of influenza?",
        "userDefined" : false
      }
    ],
    "isTemplate" : false,
    "count" : 0,
    "updated" : 0
  },
  {
    "id" : "342e578d-687d-488d-93fe-e79f091964c8",
    "data" : [
      {
        "text" : "is covid19 a kind of influenza?",
        "userDefined" : false
      }
    ],
    "isTemplate" : false,
    "count" : 0,
    "updated" : 0
  },
  {
    "id" : "464398f9-97aa-4170-844a-22bbd4eac661",
    "data" : [
      {
        "text" : "is covid-19 like swine flu?",
        "userDefined" : false
      }
    ],
    "isTemplate" : false,
    "count" : 0,
    "updated" : 0
  },
  {
    "id" : "a184dde2-e274-40be-97fb-c02f1d2e012a",
    "data" : [
      {
        "text" : "is it like a cold",
        "userDefined" : false
      }
    ],
    "isTemplate" : false,
    "count" : 0,
    "updated" : 0
  },
  {
    "id" : "10a2ffa2-0feb-43bd-baf7-08f596ba2408",
    "data" : [
      {
        "text" : "is the virus a kind of influenza?",
        "userDefined" : false
      }
    ],
    "isTemplate" : false,
    "count" : 0,
    "updated" : 0
  },
  {
    "id" : "bcd1e43f-9739-4051-93c6-cd493da8b921",
    "data" : [
      {
        "text" : "is this caused by h1n1?",
        "userDefined" : false
      }
    ],
    "isTemplate" : false,
    "count" : 0,
    "updated" : 0
  },
  {
    "id" : "b5e4c23d-8796-4e6e-b94a-a08e346b5de0",
    "data" : [
      {
        "text" : "is this like like influenza?",
        "userDefined" : false
      }
    ],
    "isTemplate" : false,
    "count" : 0,
    "updated" : 0
  },
  {
    "id" : "633d1cc8-c707-4056-9895-aba33b8b3750",
    "data" : [
      {
        "text" : "is this like the h1n1 outbreak?",
        "userDefined" : false
      }
    ],
    "isTemplate" : false,
    "count" : 0,
    "updated" : 0
  },
  {
    "id" : "24bb19bd-e149-4b5e-bd5e-17a22d56098e",
    "data" : [
      {
        "text" : "is this like the spanish flu?",
        "userDefined" : false
      }
    ],
    "isTemplate" : false,
    "count" : 0,
    "updated" : 0
  },
  {
    "id" : "f307ce98-ea20-4bb7-a1e7-b62d736bc0ae",
    "data" : [
      {
        "text" : "is this similar to h1n1?",
        "userDefined" : false
      }
    ],
    "isTemplate" : false,
    "count" : 0,
    "updated" : 0
  },
  {
    "id" : "937afa33-248c-4107-8795-d6928edb20e9",
    "data" : [
      {
        "text" : "is this similar to swine flu?",
        "userDefined" : false
      }
    ],
    "isTemplate" : false,
    "count" : 0,
    "updated" : 0
  },
  {
    "id" : "8ba3427b-26be-4343-980a-855ccd7e1ced",
    "data" : [
      {
        "text" : "isn't it just a cold?",
        "userDefined" : false
      }
    ],
    "isTemplate" : false,
    "count" : 0,
    "updated" : 0
  },
  {
    "id" : "014662a0-6c0a-4af7-a692-b8b893c0b757",
    "data" : [
      {
        "text" : "isn't it just a really bad cold?",
        "userDefined" : false
      }
    ],
    "isTemplate" : false,
    "count" : 0,
    "updated" : 0
  }
]