[
  {
    "id" : "733a7e10-b988-4a69-93f0-3f6a9e78d85d",
    "data" : [
      {
        "text" : "am a talking with a bot?",
        "userDefined" : false
      }
    ],
    "isTemplate" : false,
    "count" : 0,
    "updated" : 0
  },
  {
    "id" : "daf3573b-fbf9-4ede-821f-d664456cb9c7",
    "data" : [
      {
        "text" : "am i speaking to a bot?",
        "userDefined" : false
      }
    ],
    "isTemplate" : false,
    "count" : 0,
    "updated" : 0
  },
  {
    "id" : "da6bfafb-66b2-4398-8d5f-68a5cdcf2937",
    "data" : [
      {
        "text" : "am i talking to a bot?",
        "userDefined" : false
      }
    ],
    "isTemplate" : false,
    "count" : 0,
    "updated" : 0
  },
  {
    "id" : "4d7850a2-2872-44e2-9018-c76c31b0725f",
    "data" : [
      {
        "text" : "am i talking to a human?",
        "userDefined" : false
      }
    ],
    "isTemplate" : false,
    "count" : 0,
    "updated" : 0
  },
  {
    "id" : "d15750e0-38d5-4682-8199-702d00ba866e",
    "data" : [
      {
        "text" : "am i talking to a person?",
        "userDefined" : false
      }
    ],
    "isTemplate" : false,
    "count" : 0,
    "updated" : 0
  },
  {
    "id" : "91ebfa55-1d91-45a4-9317-fd7f6d1d07c7",
    "data" : [
      {
        "text" : "am i talking to a real person?",
        "userDefined" : false
      }
    ],
    "isTemplate" : false,
    "count" : 0,
    "updated" : 0
  },
  {
    "id" : "990cc4e4-251b-4472-8a13-f3bbd84319c8",
    "data" : [
      {
        "text" : "am i talking to a robot?",
        "userDefined" : false
      }
    ],
    "isTemplate" : false,
    "count" : 0,
    "updated" : 0
  },
  {
    "id" : "9d85f442-9451-4987-a28f-ac618748a429",
    "data" : [
      {
        "text" : "are you a human?",
        "userDefined" : false
      }
    ],
    "isTemplate" : false,
    "count" : 0,
    "updated" : 0
  },
  {
    "id" : "dd5945e0-12b2-434f-995b-ca60b40b07bb",
    "data" : [
      {
        "text" : "are you a real person?",
        "userDefined" : false
      }
    ],
    "isTemplate" : false,
    "count" : 0,
    "updated" : 0
  },
  {
    "id" : "ef013060-e1ae-42e7-9042-045a809b4ec2",
    "data" : [
      {
        "text" : "are you real?",
        "userDefined" : false
      }
    ],
    "isTemplate" : false,
    "count" : 0,
    "updated" : 0
  },
  {
    "id" : "fddacdd0-118f-443a-a99f-c1dbc61524ef",
    "data" : [
      {
        "text" : "can i contact a human being?",
        "userDefined" : false
      }
    ],
    "isTemplate" : false,
    "count" : 0,
    "updated" : 0
  },
  {
    "id" : "f70f40b7-4551-4510-a807-9e3388605672",
    "data" : [
      {
        "text" : "i don't want to speak with a bot",
        "userDefined" : false
      }
    ],
    "isTemplate" : false,
    "count" : 0,
    "updated" : 0
  },
  {
    "id" : "2506d144-a260-4b43-a29d-1e0e5ac657c4",
    "data" : [
      {
        "text" : "i don't want to talk",
        "userDefined" : false
      }
    ],
    "isTemplate" : false,
    "count" : 0,
    "updated" : 0
  },
  {
    "id" : "2e9a31f3-447e-4d67-bfd1-d97fea7a25f8",
    "data" : [
      {
        "text" : "i don't want to talk to a chatbot",
        "userDefined" : false
      }
    ],
    "isTemplate" : false,
    "count" : 0,
    "updated" : 0
  },
  {
    "id" : "bbd95c6a-c3db-4df3-bcf8-5fd61edca93c",
    "data" : [
      {
        "text" : "i don't want to talk with a chatbot",
        "userDefined" : false
      }
    ],
    "isTemplate" : false,
    "count" : 0,
    "updated" : 0
  },
  {
    "id" : "26a24a5b-96ef-4c09-8f37-f69d84ab7f01",
    "data" : [
      {
        "text" : "i'd like to speak to a person",
        "userDefined" : false
      }
    ],
    "isTemplate" : false,
    "count" : 0,
    "updated" : 0
  },
  {
    "id" : "ef336f8e-e203-4f4c-8ce7-982de7a0887e",
    "data" : [
      {
        "text" : "is this a person?",
        "userDefined" : false
      }
    ],
    "isTemplate" : false,
    "count" : 0,
    "updated" : 0
  },
  {
    "id" : "c31667c4-6c5c-45bd-be63-bea7b65c39cd",
    "data" : [
      {
        "text" : "is this a real person or a bot?",
        "userDefined" : false
      }
    ],
    "isTemplate" : false,
    "count" : 0,
    "updated" : 0
  },
  {
    "id" : "c6562989-3f0e-4401-ac32-b0c7d8fff277",
    "data" : [
      {
        "text" : "who am i talking to?",
        "userDefined" : false
      }
    ],
    "isTemplate" : false,
    "count" : 0,
    "updated" : 0
  },
  {
    "id" : "008bac1f-6996-4d02-b544-bb53d54c55dc",
    "data" : [
      {
        "text" : "you real?",
        "userDefined" : false
      }
    ],
    "isTemplate" : false,
    "count" : 0,
    "updated" : 0
  }
]