[
  {
    "value" : "child",
    "synonyms" : [
      "kid",
      "daughter",
      "son",
      "kids",
      "children",
      "baby",
      "babies",
      "daughters",
      "sons",
      "child"
    ]
  },
  {
    "value" : "pet",
    "synonyms" : [
      "cat",
      "dog",
      "rabbit",
      "fish",
      "hamster",
      "rat",
      "bird",
      "guinea-pig",
      "goldfish",
      "chicken",
      "cats",
      "dogs",
      "rabbits",
      "rats",
      "birds",
      "guinea-pigs",
      "chickens",
      "pets",
      "pet"
    ]
  },
  {
    "value" : "senior",
    "synonyms" : [
      "elderly",
      "elder",
      "older",
      "retired",
      "old",
      "pensioners",
      "oaps",
      "parents",
      "grandparents",
      "pensioner",
      "seniors",
      "elders",
      "oap",
      "parent",
      "grandparent",
      "mother",
      "father",
      "grandmother",
      "grandfather",
      "senior"
    ]
  },
  {
    "value" : "illness",
    "synonyms" : [
      "asthma",
      "diabetes",
      "asthmatic",
      "diabetic",
      "hypertension",
      "heart",
      "heart disease",
      "cardiovascular",
      "cardiovascular disease",
      "respiratory",
      "respiratory disease",
      "chronic",
      "cancer",
      "lung",
      "lung disease",
      "high blood pressure",
      "blood pressure",
      "illness"
    ]
  },
  {
    "value" : "pregnancy",
    "synonyms" : [
      "pregnant",
      "expecting",
      "trimester",
      "with child",
      "pregnancy"
    ]
  }
]